"region","year","quantity"
"SE_Brazil","1580","70"
"SE_Brazil","1581","76"
"SE_Brazil","1582","83"
"SE_Brazil","1583","91"
"SE_Brazil","1584","99"
"SE_Brazil","1585","107"
"SE_Brazil","1586","117"
"SE_Brazil","1587","128"
"SE_Brazil","1588","139"
"SE_Brazil","1589","152"
"SE_Brazil","1590","165"
"SE_Brazil","1591","180"
"SE_Brazil","1592","196"
"SE_Brazil","1593","214"
"SE_Brazil","1594","233"
"SE_Brazil","1595","254"
"SE_Brazil","1596","276"
"SE_Brazil","1597","301"
"SE_Brazil","1598","328"
"SE_Brazil","1599","357"
"SE_Brazil","1600","389"
"SE_Brazil","1601","424"
"SE_Brazil","1602","462"
"SE_Brazil","1603","504"
"SE_Brazil","1604","549"
"SE_Brazil","1605","598"
"SE_Brazil","1606","651"
"SE_Brazil","1607","710"
"SE_Brazil","1608","773"
"SE_Brazil","1609","843"
"SE_Brazil","1610","918"
"SE_Brazil","1611","1000"
"SE_Brazil","1612","1090"
"SE_Brazil","1613","1188"
"SE_Brazil","1614","1294"
"SE_Brazil","1615","1410"
"SE_Brazil","1616","1536"
"SE_Brazil","1617","1674"
"SE_Brazil","1618","1824"
"SE_Brazil","1619","1987"
"SE_Brazil","1620","2160"
"SE_Brazil","1621","2160"
"SE_Brazil","1622","2160"
"SE_Brazil","1623","2160"
"SE_Brazil","1624","2160"
"SE_Brazil","1625","2160"
"SE_Brazil","1626","2160"
"SE_Brazil","1627","2160"
"SE_Brazil","1628","2160"
"SE_Brazil","1629","2160"
"SE_Brazil","1630","2160"
"SE_Brazil","1631","2160"
"SE_Brazil","1632","2160"
"SE_Brazil","1633","2160"
"SE_Brazil","1634","2160"
"SE_Brazil","1635","2160"
"SE_Brazil","1636","2160"
"SE_Brazil","1637","2160"
"SE_Brazil","1638","2160"
"SE_Brazil","1639","2160"
"SE_Brazil","1640","2160"
"SE_Brazil","1641","1400"
"SE_Brazil","1642","1400"
"SE_Brazil","1643","1400"
"SE_Brazil","1644","1400"
"SE_Brazil","1645","1400"
"SE_Brazil","1646","1400"
"SE_Brazil","1647","1400"
"SE_Brazil","1648","1400"
"SE_Brazil","1649","2160"
"SE_Brazil","1650","2557"
"SE_Brazil","1651","2557"
"SE_Brazil","1652","2557"
"SE_Brazil","1653","2557"
"SE_Brazil","1654","2557"
"SE_Brazil","1655","2557"
"SE_Brazil","1656","2557"
"SE_Brazil","1657","2557"
"SE_Brazil","1658","2557"
"SE_Brazil","1659","2557"
"SE_Brazil","1660","2557"
"SE_Brazil","1661","2557"
"SE_Brazil","1662","2557"
"SE_Brazil","1663","2557"
"SE_Brazil","1664","2557"
"SE_Brazil","1665","2557"
"SE_Brazil","1666","3751"
"SE_Brazil","1667","3854"
"SE_Brazil","1668","3787"
"SE_Brazil","1669","2996"
"SE_Brazil","1670","3577"
"SE_Brazil","1671","1922"
"SE_Brazil","1672","1966"
"SE_Brazil","1673","2557"
"SE_Brazil","1674","2557"
"SE_Brazil","1675","2557"
"SE_Brazil","1676","2557"
"SE_Brazil","1677","2557"
"SE_Brazil","1678","2200"
"SE_Brazil","1679","2200"
"SE_Brazil","1680","2200"
"SE_Brazil","1681","2200"
"SE_Brazil","1682","2200"
"SE_Brazil","1683","2200"
"SE_Brazil","1684","2053"
"SE_Brazil","1685","2577"
"SE_Brazil","1686","959"
"SE_Brazil","1687","1581"
"SE_Brazil","1688","1943"
"SE_Brazil","1689","2294"
"SE_Brazil","1690","2974"
"SE_Brazil","1691","3498"
"SE_Brazil","1692","3305"
"SE_Brazil","1693","1444"
"SE_Brazil","1694","1571"
"SE_Brazil","1695","3334"
"SE_Brazil","1696","4190"
"SE_Brazil","1697","5807"
"SE_Brazil","1698","6558"
"SE_Brazil","1699","4294"
"SE_Brazil","1700","5427"
"SE_Brazil","1701","4422"
"SE_Brazil","1702","4390"
"SE_Brazil","1703","4367"
"SE_Brazil","1704","4003"
"SE_Brazil","1705","3310"
"SE_Brazil","1706","3745"
"SE_Brazil","1707","6101"
"SE_Brazil","1708","3927"
"SE_Brazil","1709","4133"
"SE_Brazil","1710","3212"
"SE_Brazil","1711","3827"
"SE_Brazil","1712","2844"
"SE_Brazil","1713","6385"
"SE_Brazil","1714","4807"
"SE_Brazil","1715","5954"
"SE_Brazil","1716","6140"
"SE_Brazil","1717","5445"
"SE_Brazil","1718","7445"
"SE_Brazil","1719","4928"
"SE_Brazil","1720","6938"
"SE_Brazil","1721","4776"
"SE_Brazil","1722","4630"
"SE_Brazil","1723","4328"
"SE_Brazil","1724","4721"
"SE_Brazil","1725","6150"
"SE_Brazil","1726","5882"
"SE_Brazil","1727","5441"
"SE_Brazil","1728","4439"
"SE_Brazil","1729","2188"
"SE_Brazil","1730","8290"
"SE_Brazil","1731","3851"
"SE_Brazil","1732","5399"
"SE_Brazil","1733","5945"
"SE_Brazil","1734","6804"
"SE_Brazil","1735","8179"
"SE_Brazil","1736","8635"
"SE_Brazil","1737","6570"
"SE_Brazil","1738","5698"
"SE_Brazil","1739","7100"
"SE_Brazil","1740","5838"
"SE_Brazil","1741","8462"
"SE_Brazil","1742","7882"
"SE_Brazil","1743","9040"
"SE_Brazil","1744","6995"
"SE_Brazil","1745","10381"
"SE_Brazil","1746","8059"
"SE_Brazil","1747","6324"
"SE_Brazil","1748","6301"
"SE_Brazil","1749","4127"
"SE_Brazil","1750","1700"
"SE_Brazil","1751","6701"
"SE_Brazil","1752","7502"
"SE_Brazil","1753","6801"
"SE_Brazil","1754","9346"
"SE_Brazil","1755","8258"
"SE_Brazil","1756","10081"
"SE_Brazil","1757","9163"
"SE_Brazil","1758","7554"
"SE_Brazil","1759","9181"
"SE_Brazil","1760","6797"
"SE_Brazil","1761","9195"
"SE_Brazil","1762","7552"
"SE_Brazil","1763","7185"
"SE_Brazil","1764","8336"
"SE_Brazil","1765","12203"
"SE_Brazil","1766","7831"
"SE_Brazil","1767","8966"
"SE_Brazil","1768","6616"
"SE_Brazil","1769","8119"
"SE_Brazil","1770","8407"
"SE_Brazil","1771","7846"
"SE_Brazil","1772","9957"
"SE_Brazil","1773","9360"
"SE_Brazil","1774","6189"
"SE_Brazil","1775","5527"
"SE_Brazil","1776","5678"
"SE_Brazil","1777","7507"
"SE_Brazil","1778","9359"
"SE_Brazil","1779","9748"
"SE_Brazil","1780","8243"
"SE_Brazil","1781","10209"
"SE_Brazil","1782","8353"
"SE_Brazil","1783","9557"
"SE_Brazil","1784","10950"
"SE_Brazil","1785","11880"
"SE_Brazil","1786","13417"
"SE_Brazil","1787","10974"
"SE_Brazil","1788","12865"
"SE_Brazil","1789","9356"
"SE_Brazil","1790","11999"
"SE_Brazil","1791","7934"
"SE_Brazil","1792","16912"
"SE_Brazil","1793","14355"
"SE_Brazil","1794","13063"
"SE_Brazil","1795","11788"
"SE_Brazil","1796","12700"
"SE_Brazil","1797","13617"
"SE_Brazil","1798","7604"
"SE_Brazil","1799","10607"
"SE_Brazil","1800","11387"
"SE_Brazil","1801","11566"
"SE_Brazil","1802","17296"
"SE_Brazil","1803","11543"
"SE_Brazil","1804","11856"
"SE_Brazil","1805","13279"
"SE_Brazil","1806","9848"
"SE_Brazil","1807","12542"
"SE_Brazil","1808","11971"
"SE_Brazil","1809","16986"
"SE_Brazil","1810","23973"
"SE_Brazil","1811","24597"
"SE_Brazil","1812","23617"
"SE_Brazil","1813","22460"
"SE_Brazil","1814","19929"
"SE_Brazil","1815","16686"
"SE_Brazil","1816","24152"
"SE_Brazil","1817","23849"
"SE_Brazil","1818","27059"
"SE_Brazil","1819","19496"
"SE_Brazil","1820","21316"
"SE_Brazil","1821","24696"
"SE_Brazil","1822","31321"
"SE_Brazil","1823","23195"
"SE_Brazil","1824","28505"
"SE_Brazil","1825","27238"
"SE_Brazil","1826","37838"
"SE_Brazil","1827","34494"
"SE_Brazil","1828","46226"
"SE_Brazil","1829","48278"
"SE_Brazil","1830","34659"
"SE_Brazil","1831","1000"
"SE_Brazil","1832","4000"
"SE_Brazil","1833","9000"
"SE_Brazil","1834","13800"
"SE_Brazil","1835","30000"
"SE_Brazil","1836","46000"
"SE_Brazil","1837","46000"
"SE_Brazil","1838","42800"
"SE_Brazil","1839","46000"
"SE_Brazil","1840","27309"
"SE_Brazil","1841","17264"
"SE_Brazil","1842","16451"
"SE_Brazil","1843","30000"
"SE_Brazil","1844","19500"
"SE_Brazil","1845","16000"
"SE_Brazil","1846","42500"
"SE_Brazil","1847","49000"
"SE_Brazil","1848","52000"
"SE_Brazil","1849","46000"
"SE_Brazil","1850","19400"
"SE_Brazil","1851","4264"
"SE_Brazil","1852","984"
"SE_Brazil","1853","0"
"SE_Brazil","1854","0"
"SE_Brazil","1855","0"
"SE_Brazil","1856","320"
"Pernambuco","1561","100"
"Pernambuco","1562","107"
"Pernambuco","1563","114"
"Pernambuco","1564","122"
"Pernambuco","1565","130"
"Pernambuco","1566","138"
"Pernambuco","1567","148"
"Pernambuco","1568","158"
"Pernambuco","1569","168"
"Pernambuco","1570","180"
"Pernambuco","1571","192"
"Pernambuco","1572","204"
"Pernambuco","1573","218"
"Pernambuco","1574","233"
"Pernambuco","1575","249"
"Pernambuco","1576","265"
"Pernambuco","1577","283"
"Pernambuco","1578","302"
"Pernambuco","1579","322"
"Pernambuco","1580","344"
"Pernambuco","1581","367"
"Pernambuco","1582","392"
"Pernambuco","1583","418"
"Pernambuco","1584","446"
"Pernambuco","1585","476"
"Pernambuco","1586","508"
"Pernambuco","1587","542"
"Pernambuco","1588","579"
"Pernambuco","1589","618"
"Pernambuco","1590","659"
"Pernambuco","1591","703"
"Pernambuco","1592","751"
"Pernambuco","1593","801"
"Pernambuco","1594","855"
"Pernambuco","1595","912"
"Pernambuco","1596","973"
"Pernambuco","1597","1039"
"Pernambuco","1598","1109"
"Pernambuco","1599","1183"
"Pernambuco","1600","1263"
"Pernambuco","1601","1347"
"Pernambuco","1602","1438"
"Pernambuco","1603","1535"
"Pernambuco","1604","1638"
"Pernambuco","1605","1748"
"Pernambuco","1606","1865"
"Pernambuco","1607","1990"
"Pernambuco","1608","2124"
"Pernambuco","1609","2267"
"Pernambuco","1610","2419"
"Pernambuco","1611","2582"
"Pernambuco","1612","2755"
"Pernambuco","1613","2940"
"Pernambuco","1614","3138"
"Pernambuco","1615","3348"
"Pernambuco","1616","3573"
"Pernambuco","1617","3813"
"Pernambuco","1618","4070"
"Pernambuco","1619","4343"
"Pernambuco","1620","4640"
"Pernambuco","1621","4640"
"Pernambuco","1622","4640"
"Pernambuco","1623","4640"
"Pernambuco","1624","4640"
"Pernambuco","1625","4640"
"Pernambuco","1626","4640"
"Pernambuco","1627","4640"
"Pernambuco","1628","4640"
"Pernambuco","1629","4640"
"Pernambuco","1630","454"
"Pernambuco","1631","0"
"Pernambuco","1632","0"
"Pernambuco","1633","300"
"Pernambuco","1634","0"
"Pernambuco","1635","0"
"Pernambuco","1636","859"
"Pernambuco","1637","0"
"Pernambuco","1638","0"
"Pernambuco","1639","77"
"Pernambuco","1640","0"
"Pernambuco","1641","0"
"Pernambuco","1642","0"
"Pernambuco","1643","0"
"Pernambuco","1644","0"
"Pernambuco","1645","0"
"Pernambuco","1646","0"
"Pernambuco","1647","0"
"Pernambuco","1648","0"
"Pernambuco","1649","290"
"Pernambuco","1650","0"
"Pernambuco","1651","1044"
"Pernambuco","1652","0"
"Pernambuco","1653","0"
"Pernambuco","1654","0"
"Pernambuco","1655","1800"
"Pernambuco","1656","1800"
"Pernambuco","1657","1800"
"Pernambuco","1658","1800"
"Pernambuco","1659","1800"
"Pernambuco","1660","1800"
"Pernambuco","1661","1800"
"Pernambuco","1662","1800"
"Pernambuco","1663","1800"
"Pernambuco","1664","1800"
"Pernambuco","1665","1800"
"Pernambuco","1666","2295"
"Pernambuco","1667","2358"
"Pernambuco","1668","2317"
"Pernambuco","1669","1833"
"Pernambuco","1670","2189"
"Pernambuco","1671","1176"
"Pernambuco","1672","1203"
"Pernambuco","1673","2500"
"Pernambuco","1674","2500"
"Pernambuco","1675","2500"
"Pernambuco","1676","2500"
"Pernambuco","1677","2500"
"Pernambuco","1678","2500"
"Pernambuco","1679","2500"
"Pernambuco","1680","2500"
"Pernambuco","1681","2500"
"Pernambuco","1682","2500"
"Pernambuco","1683","2500"
"Pernambuco","1684","2500"
"Pernambuco","1685","2500"
"Pernambuco","1686","2500"
"Pernambuco","1687","2500"
"Pernambuco","1688","2500"
"Pernambuco","1689","2500"
"Pernambuco","1690","2500"
"Pernambuco","1691","2500"
"Pernambuco","1692","2500"
"Pernambuco","1693","2500"
"Pernambuco","1694","2500"
"Pernambuco","1695","2500"
"Pernambuco","1696","5234"
"Pernambuco","1697","7201"
"Pernambuco","1698","8235"
"Pernambuco","1699","5350"
"Pernambuco","1700","6755"
"Pernambuco","1701","5485"
"Pernambuco","1702","5465"
"Pernambuco","1703","5464"
"Pernambuco","1704","4976"
"Pernambuco","1705","4149"
"Pernambuco","1706","4641"
"Pernambuco","1707","7583"
"Pernambuco","1708","4849"
"Pernambuco","1709","5100"
"Pernambuco","1710","5149"
"Pernambuco","1711","4000"
"Pernambuco","1712","4000"
"Pernambuco","1713","4000"
"Pernambuco","1714","4000"
"Pernambuco","1715","4000"
"Pernambuco","1716","4000"
"Pernambuco","1717","4000"
"Pernambuco","1718","4000"
"Pernambuco","1719","4000"
"Pernambuco","1720","4000"
"Pernambuco","1721","2496"
"Pernambuco","1722","3482"
"Pernambuco","1723","1840"
"Pernambuco","1724","4893"
"Pernambuco","1725","4462"
"Pernambuco","1726","4582"
"Pernambuco","1727","6263"
"Pernambuco","1728","3096"
"Pernambuco","1729","3570"
"Pernambuco","1730","2960"
"Pernambuco","1731","1347"
"Pernambuco","1732","1428"
"Pernambuco","1733","3035"
"Pernambuco","1734","3358"
"Pernambuco","1735","3035"
"Pernambuco","1736","2142"
"Pernambuco","1737","1746"
"Pernambuco","1738","974"
"Pernambuco","1739","986"
"Pernambuco","1740","2081"
"Pernambuco","1741","1298"
"Pernambuco","1742","2408"
"Pernambuco","1743","1481"
"Pernambuco","1744","3638"
"Pernambuco","1745","2265"
"Pernambuco","1746","2794"
"Pernambuco","1747","2612"
"Pernambuco","1748","4388"
"Pernambuco","1749","2225"
"Pernambuco","1750","3795"
"Pernambuco","1751","1763"
"Pernambuco","1752","2775"
"Pernambuco","1753","3928"
"Pernambuco","1754","2357"
"Pernambuco","1755","3069"
"Pernambuco","1756","3758"
"Pernambuco","1757","2751"
"Pernambuco","1758","4297"
"Pernambuco","1759","2818"
"Pernambuco","1760","2249"
"Pernambuco","1761","2123"
"Pernambuco","1762","2167"
"Pernambuco","1763","3491"
"Pernambuco","1764","1695"
"Pernambuco","1765","3241"
"Pernambuco","1766","3070"
"Pernambuco","1767","3462"
"Pernambuco","1768","3684"
"Pernambuco","1769","1047"
"Pernambuco","1770","2803"
"Pernambuco","1771","1687"
"Pernambuco","1772","3015"
"Pernambuco","1773","1707"
"Pernambuco","1774","3007"
"Pernambuco","1775","2865"
"Pernambuco","1776","1854"
"Pernambuco","1777","1836"
"Pernambuco","1778","1516"
"Pernambuco","1779","1774"
"Pernambuco","1780","1259"
"Pernambuco","1781","2730"
"Pernambuco","1782","2578"
"Pernambuco","1783","3670"
"Pernambuco","1784","2113"
"Pernambuco","1785","1501"
"Pernambuco","1786","1655"
"Pernambuco","1787","5735"
"Pernambuco","1788","2982"
"Pernambuco","1789","1668"
"Pernambuco","1790","2496"
"Pernambuco","1791","4455"
"Pernambuco","1792","3802"
"Pernambuco","1793","4221"
"Pernambuco","1794","1663"
"Pernambuco","1795","4241"
"Pernambuco","1796","2169"
"Pernambuco","1797","5496"
"Pernambuco","1798","5902"
"Pernambuco","1799","3249"
"Pernambuco","1800","2532"
"Pernambuco","1801","5374"
"Pernambuco","1802","5886"
"Pernambuco","1803","4538"
"Pernambuco","1804","4735"
"Pernambuco","1805","3432"
"Pernambuco","1806","4790"
"Pernambuco","1807","5871"
"Pernambuco","1808","4143"
"Pernambuco","1809","3581"
"Pernambuco","1810","11518"
"Pernambuco","1811","3375"
"Pernambuco","1812","7943"
"Pernambuco","1813","6587"
"Pernambuco","1814","9683"
"Pernambuco","1815","9625"
"Pernambuco","1816","10511"
"Pernambuco","1817","7866"
"Pernambuco","1818","10198"
"Pernambuco","1819","5508"
"Pernambuco","1820","10164"
"Pernambuco","1821","10000"
"Pernambuco","1822","5518"
"Pernambuco","1823","5678"
"Pernambuco","1824","4036"
"Pernambuco","1825","7626"
"Pernambuco","1826","7222"
"Pernambuco","1827","7838"
"Pernambuco","1828","4666"
"Pernambuco","1829","7879"
"Pernambuco","1830","6024"
"Pernambuco","1831","3553"
"Pernambuco","1832","1713"
"Pernambuco","1833","301"
"Pernambuco","1834","700"
"Pernambuco","1835","1400"
"Pernambuco","1836","3500"
"Pernambuco","1837","6650"
"Pernambuco","1838","5950"
"Pernambuco","1839","5250"
"Pernambuco","1840","5683"
"Pernambuco","1841","5325"
"Pernambuco","1842","2234"
"Pernambuco","1843","1400"
"Pernambuco","1844","2100"
"Pernambuco","1845","1143"
"Pernambuco","1846","829"
"Pernambuco","1847","1344"
"Pernambuco","1848","1750"
"Pernambuco","1849","1050"
"Pernambuco","1850","2300"
"Pernambuco","1851","350"
"Bahia","1580","100"
"Bahia","1581","109"
"Bahia","1582","119"
"Bahia","1583","129"
"Bahia","1584","141"
"Bahia","1585","154"
"Bahia","1586","167"
"Bahia","1587","182"
"Bahia","1588","199"
"Bahia","1589","216"
"Bahia","1590","236"
"Bahia","1591","257"
"Bahia","1592","280"
"Bahia","1593","305"
"Bahia","1594","332"
"Bahia","1595","362"
"Bahia","1596","395"
"Bahia","1597","430"
"Bahia","1598","468"
"Bahia","1599","510"
"Bahia","1600","556"
"Bahia","1601","606"
"Bahia","1602","660"
"Bahia","1603","719"
"Bahia","1604","784"
"Bahia","1605","854"
"Bahia","1606","931"
"Bahia","1607","1014"
"Bahia","1608","1105"
"Bahia","1609","1204"
"Bahia","1610","1312"
"Bahia","1611","1429"
"Bahia","1612","1557"
"Bahia","1613","1696"
"Bahia","1614","1848"
"Bahia","1615","2014"
"Bahia","1616","2194"
"Bahia","1617","2391"
"Bahia","1618","2605"
"Bahia","1619","2839"
"Bahia","1620","3086"
"Bahia","1621","3086"
"Bahia","1622","3086"
"Bahia","1623","3086"
"Bahia","1624","3086"
"Bahia","1625","3086"
"Bahia","1626","3086"
"Bahia","1627","3086"
"Bahia","1628","3086"
"Bahia","1629","3086"
"Bahia","1630","3086"
"Bahia","1631","3086"
"Bahia","1632","3086"
"Bahia","1633","3086"
"Bahia","1634","3086"
"Bahia","1635","3086"
"Bahia","1636","3086"
"Bahia","1637","3086"
"Bahia","1638","3086"
"Bahia","1639","3086"
"Bahia","1640","3086"
"Bahia","1641","2000"
"Bahia","1642","2000"
"Bahia","1643","2000"
"Bahia","1644","2000"
"Bahia","1645","2000"
"Bahia","1646","2000"
"Bahia","1647","2000"
"Bahia","1648","2000"
"Bahia","1649","3086"
"Bahia","1650","3653"
"Bahia","1651","3653"
"Bahia","1652","3653"
"Bahia","1653","3653"
"Bahia","1654","3653"
"Bahia","1655","3653"
"Bahia","1656","3653"
"Bahia","1657","3653"
"Bahia","1658","3653"
"Bahia","1659","3653"
"Bahia","1660","3653"
"Bahia","1661","3653"
"Bahia","1662","3653"
"Bahia","1663","3653"
"Bahia","1664","3653"
"Bahia","1665","3653"
"Bahia","1666","4823"
"Bahia","1667","4956"
"Bahia","1668","4869"
"Bahia","1669","3853"
"Bahia","1670","4600"
"Bahia","1671","2471"
"Bahia","1672","2528"
"Bahia","1673","3653"
"Bahia","1674","3653"
"Bahia","1675","3653"
"Bahia","1676","3653"
"Bahia","1677","3653"
"Bahia","1678","3143"
"Bahia","1679","3143"
"Bahia","1680","3143"
"Bahia","1681","3143"
"Bahia","1682","3143"
"Bahia","1683","3143"
"Bahia","1684","2933"
"Bahia","1685","3682"
"Bahia","1686","1370"
"Bahia","1687","2259"
"Bahia","1688","2776"
"Bahia","1689","3277"
"Bahia","1690","4249"
"Bahia","1691","4998"
"Bahia","1692","4721"
"Bahia","1693","2062"
"Bahia","1694","2245"
"Bahia","1695","4763"
"Bahia","1696","5985"
"Bahia","1697","8295"
"Bahia","1698","9369"
"Bahia","1699","6135"
"Bahia","1700","7752"
"Bahia","1701","6317"
"Bahia","1702","6272"
"Bahia","1703","6239"
"Bahia","1704","5719"
"Bahia","1705","4729"
"Bahia","1706","5350"
"Bahia","1707","8715"
"Bahia","1708","5610"
"Bahia","1709","5905"
"Bahia","1710","5908"
"Bahia","1711","7242"
"Bahia","1712","9301"
"Bahia","1713","9608"
"Bahia","1714","9259"
"Bahia","1715","6974"
"Bahia","1716","8730"
"Bahia","1717","7889"
"Bahia","1718","7945"
"Bahia","1719","6584"
"Bahia","1720","6872"
"Bahia","1721","6394"
"Bahia","1722","5461"
"Bahia","1723","7907"
"Bahia","1724","14935"
"Bahia","1725","7695"
"Bahia","1726","10815"
"Bahia","1727","9185"
"Bahia","1728","12333"
"Bahia","1729","10965"
"Bahia","1730","5060"
"Bahia","1731","12455"
"Bahia","1732","7102"
"Bahia","1733","8163"
"Bahia","1734","10457"
"Bahia","1735","8177"
"Bahia","1736","8859"
"Bahia","1737","8887"
"Bahia","1738","9889"
"Bahia","1739","7602"
"Bahia","1740","9459"
"Bahia","1741","3710"
"Bahia","1742","10862"
"Bahia","1743","5672"
"Bahia","1744","12734"
"Bahia","1745","4234"
"Bahia","1746","6637"
"Bahia","1747","13095"
"Bahia","1748","9285"
"Bahia","1749","11265"
"Bahia","1750","13828"
"Bahia","1751","7689"
"Bahia","1752","9728"
"Bahia","1753","10284"
"Bahia","1754","5698"
"Bahia","1755","7111"
"Bahia","1756","8371"
"Bahia","1757","6861"
"Bahia","1758","6509"
"Bahia","1759","5210"
"Bahia","1760","7288"
"Bahia","1761","6977"
"Bahia","1762","6338"
"Bahia","1763","5682"
"Bahia","1764","3475"
"Bahia","1765","6559"
"Bahia","1766","9873"
"Bahia","1767","7447"
"Bahia","1768","7600"
"Bahia","1769","7658"
"Bahia","1770","5036"
"Bahia","1771","6839"
"Bahia","1772","4311"
"Bahia","1773","6092"
"Bahia","1774","8151"
"Bahia","1775","9282"
"Bahia","1776","9370"
"Bahia","1777","3743"
"Bahia","1778","8383"
"Bahia","1779","7050"
"Bahia","1780","15418"
"Bahia","1781","13185"
"Bahia","1782","13395"
"Bahia","1783","8530"
"Bahia","1784","9923"
"Bahia","1785","7263"
"Bahia","1786","7957"
"Bahia","1787","3035"
"Bahia","1788","5241"
"Bahia","1789","7095"
"Bahia","1790","6998"
"Bahia","1791","7252"
"Bahia","1792","7663"
"Bahia","1793","10313"
"Bahia","1794","13732"
"Bahia","1795","13097"
"Bahia","1796","8566"
"Bahia","1797","8580"
"Bahia","1798","9285"
"Bahia","1799","9566"
"Bahia","1800","9150"
"Bahia","1801","9637"
"Bahia","1802","5628"
"Bahia","1803","9757"
"Bahia","1804","11164"
"Bahia","1805","10369"
"Bahia","1806","12917"
"Bahia","1807","11282"
"Bahia","1808","6870"
"Bahia","1809","8754"
"Bahia","1810","15555"
"Bahia","1811","8801"
"Bahia","1812","12324"
"Bahia","1813","11454"
"Bahia","1814","11727"
"Bahia","1815","12255"
"Bahia","1816","9006"
"Bahia","1817","12577"
"Bahia","1818","11583"
"Bahia","1819","15342"
"Bahia","1820","9501"
"Bahia","1821","8785"
"Bahia","1822","13313"
"Bahia","1823","4619"
"Bahia","1824","5100"
"Bahia","1825","6037"
"Bahia","1826","13218"
"Bahia","1827","14937"
"Bahia","1828","6866"
"Bahia","1829","16297"
"Bahia","1830","7204"
"Bahia","1831","1000"
"Bahia","1832","3300"
"Bahia","1833","3600"
"Bahia","1834","3600"
"Bahia","1835","5200"
"Bahia","1836","2900"
"Bahia","1837","4119"
"Bahia","1838","4000"
"Bahia","1839","4122"
"Bahia","1840","2291"
"Bahia","1841","1823"
"Bahia","1842","4541"
"Bahia","1843","3111"
"Bahia","1844","6528"
"Bahia","1845","3294"
"Bahia","1846","7869"
"Bahia","1847","10943"
"Bahia","1848","7563"
"Bahia","1849","9890"
"Bahia","1850","9461"
"Bahia","1851","981"
"Amazonia","1680","250"
"Amazonia","1691","73"
"Amazonia","1692","73"
"Amazonia","1693","140"
"Amazonia","1694","100"
"Amazonia","1695","102"
"Amazonia","1696","158"
"Amazonia","1697","100"
"Amazonia","1698","100"
"Amazonia","1699","100"
"Amazonia","1700","100"
"Amazonia","1701","115"
"Amazonia","1702","100"
"Amazonia","1703","170"
"Amazonia","1704","100"
"Amazonia","1705","100"
"Amazonia","1706","100"
"Amazonia","1707","100"
"Amazonia","1708","87"
"Amazonia","1709","100"
"Amazonia","1710","100"
"Amazonia","1711","100"
"Amazonia","1712","100"
"Amazonia","1713","100"
"Amazonia","1714","356"
"Amazonia","1715","85"
"Amazonia","1716","100"
"Amazonia","1717","100"
"Amazonia","1718","100"
"Amazonia","1719","100"
"Amazonia","1720","100"
"Amazonia","1721","100"
"Amazonia","1722","100"
"Amazonia","1723","100"
"Amazonia","1724","100"
"Amazonia","1725","100"
"Amazonia","1726","100"
"Amazonia","1727","100"
"Amazonia","1728","100"
"Amazonia","1729","100"
"Amazonia","1730","100"
"Amazonia","1731","100"
"Amazonia","1732","100"
"Amazonia","1733","100"
"Amazonia","1734","100"
"Amazonia","1735","100"
"Amazonia","1736","100"
"Amazonia","1737","100"
"Amazonia","1738","100"
"Amazonia","1739","100"
"Amazonia","1740","69"
"Amazonia","1741","7"
"Amazonia","1742","100"
"Amazonia","1743","92"
"Amazonia","1744","100"
"Amazonia","1745","100"
"Amazonia","1746","100"
"Amazonia","1747","100"
"Amazonia","1748","100"
"Amazonia","1749","100"
"Amazonia","1750","100"
"Amazonia","1751","100"
"Amazonia","1752","432"
"Amazonia","1753","427"
"Amazonia","1754","100"
"Amazonia","1755","433"
"Amazonia","1756","249"
"Amazonia","1757","697"
"Amazonia","1758","1445"
"Amazonia","1759","710"
"Amazonia","1760","509"
"Amazonia","1761","824"
"Amazonia","1762","2206"
"Amazonia","1763","716"
"Amazonia","1764","1322"
"Amazonia","1765","1692"
"Amazonia","1766","948"
"Amazonia","1767","1341"
"Amazonia","1768","1154"
"Amazonia","1769","764"
"Amazonia","1770","1177"
"Amazonia","1771","1011"
"Amazonia","1772","1164"
"Amazonia","1773","979"
"Amazonia","1774","927"
"Amazonia","1775","1143"
"Amazonia","1776","2068"
"Amazonia","1777","1155"
"Amazonia","1778","2549"
"Amazonia","1779","1631"
"Amazonia","1780","920"
"Amazonia","1781","1943"
"Amazonia","1782","871"
"Amazonia","1783","2340"
"Amazonia","1784","669"
"Amazonia","1785","1097"
"Amazonia","1786","1459"
"Amazonia","1787","2984"
"Amazonia","1788","2658"
"Amazonia","1789","1881"
"Amazonia","1790","1638"
"Amazonia","1791","1132"
"Amazonia","1792","1848"
"Amazonia","1793","1984"
"Amazonia","1794","2342"
"Amazonia","1795","2993"
"Amazonia","1796","1286"
"Amazonia","1797","1679"
"Amazonia","1798","763"
"Amazonia","1799","3115"
"Amazonia","1800","1624"
"Amazonia","1801","1737"
"Amazonia","1802","2665"
"Amazonia","1803","2305"
"Amazonia","1804","5824"
"Amazonia","1805","5072"
"Amazonia","1806","5620"
"Amazonia","1807","3154"
"Amazonia","1808","1047"
"Amazonia","1809","2110"
"Amazonia","1810","2404"
"Amazonia","1811","3055"
"Amazonia","1812","1367"
"Amazonia","1813","1098"
"Amazonia","1814","1367"
"Amazonia","1815","1620"
"Amazonia","1816","1463"
"Amazonia","1817","2854"
"Amazonia","1818","3952"
"Amazonia","1819","2375"
"Amazonia","1820","2078"
"Amazonia","1821","1645"
"Amazonia","1822","1853"
"Amazonia","1823","1721"
"Amazonia","1824","0"
"Amazonia","1825","917"
"Amazonia","1826","1032"
"Amazonia","1827","1735"
"Amazonia","1828","585"
"Amazonia","1829","495"
"Amazonia","1830","1793"
"Amazonia","1831","167"
"Amazonia","1832","0"
"Amazonia","1833","0"
"Amazonia","1834","0"
"Amazonia","1835","534"
"Amazonia","1836","0"
"Amazonia","1837","0"
"Amazonia","1838","122"
"Amazonia","1839","199"
"Amazonia","1840","1263"
"Amazonia","1841","1352"
"Amazonia","1842","758"
"Amazonia","1843","0"
"Amazonia","1844","0"
"Amazonia","1845","0"
"Amazonia","1846","59"
"Amazonia","1847","0"
"Amazonia","1848","0"
"Amazonia","1849","0"
"Amazonia","1850","0"
"Amazonia","1851","0"
"Spanish_Americas","1501","67"
"Spanish_Americas","1502","67"
"Spanish_Americas","1503","67"
"Spanish_Americas","1504","67"
"Spanish_Americas","1505","67"
"Spanish_Americas","1506","67"
"Spanish_Americas","1507","67"
"Spanish_Americas","1508","67"
"Spanish_Americas","1509","67"
"Spanish_Americas","1510","67"
"Spanish_Americas","1511","67"
"Spanish_Americas","1512","67"
"Spanish_Americas","1513","67"
"Spanish_Americas","1514","67"
"Spanish_Americas","1515","67"
"Spanish_Americas","1516","550"
"Spanish_Americas","1517","550"
"Spanish_Americas","1518","550"
"Spanish_Americas","1519","550"
"Spanish_Americas","1520","550"
"Spanish_Americas","1521","141"
"Spanish_Americas","1522","141"
"Spanish_Americas","1523","141"
"Spanish_Americas","1524","141"
"Spanish_Americas","1525","141"
"Spanish_Americas","1526","628"
"Spanish_Americas","1527","628"
"Spanish_Americas","1528","628"
"Spanish_Americas","1529","628"
"Spanish_Americas","1530","628"
"Spanish_Americas","1531","602"
"Spanish_Americas","1532","602"
"Spanish_Americas","1533","602"
"Spanish_Americas","1534","602"
"Spanish_Americas","1535","602"
"Spanish_Americas","1536","405"
"Spanish_Americas","1537","405"
"Spanish_Americas","1538","405"
"Spanish_Americas","1539","405"
"Spanish_Americas","1540","405"
"Spanish_Americas","1541","1257"
"Spanish_Americas","1542","1257"
"Spanish_Americas","1543","1257"
"Spanish_Americas","1544","1257"
"Spanish_Americas","1545","1257"
"Spanish_Americas","1546","659"
"Spanish_Americas","1547","659"
"Spanish_Americas","1548","659"
"Spanish_Americas","1549","659"
"Spanish_Americas","1550","659"
"Spanish_Americas","1551","96"
"Spanish_Americas","1552","96"
"Spanish_Americas","1553","96"
"Spanish_Americas","1554","96"
"Spanish_Americas","1555","96"
"Spanish_Americas","1556","299"
"Spanish_Americas","1557","299"
"Spanish_Americas","1558","299"
"Spanish_Americas","1559","299"
"Spanish_Americas","1560","299"
"Spanish_Americas","1561","1634"
"Spanish_Americas","1562","1634"
"Spanish_Americas","1563","1634"
"Spanish_Americas","1564","1634"
"Spanish_Americas","1565","1634"
"Spanish_Americas","1566","991"
"Spanish_Americas","1567","991"
"Spanish_Americas","1568","991"
"Spanish_Americas","1569","991"
"Spanish_Americas","1570","991"
"Spanish_Americas","1571","922"
"Spanish_Americas","1572","922"
"Spanish_Americas","1573","922"
"Spanish_Americas","1574","922"
"Spanish_Americas","1575","922"
"Spanish_Americas","1576","904"
"Spanish_Americas","1577","904"
"Spanish_Americas","1578","904"
"Spanish_Americas","1579","904"
"Spanish_Americas","1580","904"
"Spanish_Americas","1581","1539"
"Spanish_Americas","1582","1539"
"Spanish_Americas","1583","1539"
"Spanish_Americas","1584","1539"
"Spanish_Americas","1585","1539"
"Spanish_Americas","1586","1778"
"Spanish_Americas","1587","1778"
"Spanish_Americas","1588","1778"
"Spanish_Americas","1589","1778"
"Spanish_Americas","1590","1778"
"Spanish_Americas","1591","730"
"Spanish_Americas","1592","730"
"Spanish_Americas","1593","730"
"Spanish_Americas","1594","730"
"Spanish_Americas","1595","3002"
"Spanish_Americas","1596","3002"
"Spanish_Americas","1597","3002"
"Spanish_Americas","1598","3002"
"Spanish_Americas","1599","3002"
"Spanish_Americas","1600","3002"
"Spanish_Americas","1601","1333"
"Spanish_Americas","1602","1333"
"Spanish_Americas","1603","1333"
"Spanish_Americas","1604","1333"
"Spanish_Americas","1605","1333"
"Spanish_Americas","1606","2213"
"Spanish_Americas","1607","2213"
"Spanish_Americas","1608","2213"
"Spanish_Americas","1609","2213"
"Spanish_Americas","1610","2213"
"Spanish_Americas","1611","731"
"Spanish_Americas","1612","731"
"Spanish_Americas","1613","731"
"Spanish_Americas","1614","731"
"Spanish_Americas","1615","731"
"Spanish_Americas","1616","3606"
"Spanish_Americas","1617","3606"
"Spanish_Americas","1618","3606"
"Spanish_Americas","1619","3606"
"Spanish_Americas","1620","3606"
"Spanish_Americas","1621","3806"
"Spanish_Americas","1622","3806"
"Spanish_Americas","1623","3806"
"Spanish_Americas","1624","3806"
"Spanish_Americas","1625","3806"
"Spanish_Americas","1626","1258"
"Spanish_Americas","1627","1258"
"Spanish_Americas","1628","1258"
"Spanish_Americas","1629","1258"
"Spanish_Americas","1630","1258"
"Spanish_Americas","1631","1945"
"Spanish_Americas","1632","1945"
"Spanish_Americas","1633","1945"
"Spanish_Americas","1634","1945"
"Spanish_Americas","1635","1945"
"Spanish_Americas","1636","1567"
"Spanish_Americas","1637","1567"
"Spanish_Americas","1638","1567"
"Spanish_Americas","1639","1567"
"Spanish_Americas","1640","1567"
"Spanish_Americas","1641","1567"
"Spanish_Americas","1642","0"
"Spanish_Americas","1643","259"
"Spanish_Americas","1644","0"
"Spanish_Americas","1645","0"
"Spanish_Americas","1646","0"
"Spanish_Americas","1647","259"
"Spanish_Americas","1648","0"
"Spanish_Americas","1649","699"
"Spanish_Americas","1650","783"
"Spanish_Americas","1651","1100"
"Spanish_Americas","1652","259"
"Spanish_Americas","1653","519"
"Spanish_Americas","1654","519"
"Spanish_Americas","1655","139"
"Spanish_Americas","1656","1129"
"Spanish_Americas","1657","259"
"Spanish_Americas","1658","494"
"Spanish_Americas","1659","305"
"Spanish_Americas","1660","0"
"Spanish_Americas","1661","100"
"Spanish_Americas","1662","120"
"Spanish_Americas","1663","786"
"Spanish_Americas","1664","0"
"Spanish_Americas","1665","0"
"Spanish_Americas","1666","153"
"Spanish_Americas","1667","0"
"Spanish_Americas","1668","0"
"Spanish_Americas","1669","650"
"Spanish_Americas","1670","0"
"Spanish_Americas","1671","0"
"Spanish_Americas","1672","664"
"Spanish_Americas","1673","0"
"Spanish_Americas","1674","47"
"Spanish_Americas","1675","0"
"Spanish_Americas","1676","0"
"Spanish_Americas","1677","0"
"Spanish_Americas","1678","0"
"Spanish_Americas","1679","460"
"Spanish_Americas","1680","0"
"Spanish_Americas","1681","0"
"Spanish_Americas","1682","0"
"Spanish_Americas","1683","0"
"Spanish_Americas","1684","0"
"Spanish_Americas","1685","0"
"Spanish_Americas","1686","0"
"Spanish_Americas","1687","0"
"Spanish_Americas","1688","0"
"Spanish_Americas","1689","0"
"Spanish_Americas","1690","0"
"Spanish_Americas","1691","0"
"Spanish_Americas","1692","0"
"Spanish_Americas","1693","0"
"Spanish_Americas","1694","0"
"Spanish_Americas","1695","0"
"Spanish_Americas","1696","0"
"Spanish_Americas","1697","0"
"Spanish_Americas","1698","1376"
"Spanish_Americas","1699","417"
"Spanish_Americas","1700","0"
"Spanish_Americas","1701","0"
"Spanish_Americas","1702","0"
"Spanish_Americas","1703","0"
"Spanish_Americas","1704","0"
"Spanish_Americas","1705","0"
"Spanish_Americas","1706","0"
"Spanish_Americas","1707","0"
"Spanish_Americas","1708","0"
"Spanish_Americas","1709","0"
"Spanish_Americas","1710","0"
"Spanish_Americas","1711","0"
"Spanish_Americas","1712","0"
"Spanish_Americas","1713","0"
"Spanish_Americas","1714","0"
"Spanish_Americas","1715","0"
"Spanish_Americas","1716","0"
"Spanish_Americas","1717","0"
"Spanish_Americas","1718","0"
"Spanish_Americas","1719","0"
"Spanish_Americas","1720","0"
"Spanish_Americas","1721","0"
"Spanish_Americas","1722","0"
"Spanish_Americas","1723","0"
"Spanish_Americas","1724","0"
"Spanish_Americas","1725","0"
"Spanish_Americas","1726","0"
"Spanish_Americas","1727","0"
"Spanish_Americas","1728","0"
"Spanish_Americas","1729","0"
"Spanish_Americas","1730","0"
"Spanish_Americas","1731","0"
"Spanish_Americas","1732","0"
"Spanish_Americas","1733","0"
"Spanish_Americas","1734","0"
"Spanish_Americas","1735","0"
"Spanish_Americas","1736","0"
"Spanish_Americas","1737","0"
"Spanish_Americas","1738","0"
"Spanish_Americas","1739","0"
"Spanish_Americas","1740","0"
"Spanish_Americas","1741","0"
"Spanish_Americas","1742","0"
"Spanish_Americas","1743","0"
"Spanish_Americas","1744","0"
"Spanish_Americas","1745","0"
"Spanish_Americas","1746","0"
"Spanish_Americas","1747","0"
"Spanish_Americas","1748","335"
"Spanish_Americas","1749","1246"
"Spanish_Americas","1750","0"
"Spanish_Americas","1751","0"
"Spanish_Americas","1752","0"
"Spanish_Americas","1753","0"
"Spanish_Americas","1754","208"
"Spanish_Americas","1755","0"
"Spanish_Americas","1756","0"
"Spanish_Americas","1757","0"
"Spanish_Americas","1758","0"
"Spanish_Americas","1759","0"
"Spanish_Americas","1760","0"
"Spanish_Americas","1761","0"
"Spanish_Americas","1762","0"
"Spanish_Americas","1763","0"
"Spanish_Americas","1764","0"
"Spanish_Americas","1765","0"
"Spanish_Americas","1766","0"
"Spanish_Americas","1767","0"
"Spanish_Americas","1768","0"
"Spanish_Americas","1769","0"
"Spanish_Americas","1770","0"
"Spanish_Americas","1771","0"
"Spanish_Americas","1772","0"
"Spanish_Americas","1773","0"
"Spanish_Americas","1774","0"
"Spanish_Americas","1775","0"
"Spanish_Americas","1776","0"
"Spanish_Americas","1777","0"
"Spanish_Americas","1778","0"
"Spanish_Americas","1779","0"
"Spanish_Americas","1780","0"
"Spanish_Americas","1781","0"
"Spanish_Americas","1782","0"
"Spanish_Americas","1783","0"
"Spanish_Americas","1784","0"
"Spanish_Americas","1785","0"
"Spanish_Americas","1786","0"
"Spanish_Americas","1787","0"
"Spanish_Americas","1788","0"
"Spanish_Americas","1789","0"
"Spanish_Americas","1790","0"
"Spanish_Americas","1791","292"
"Spanish_Americas","1792","0"
"Spanish_Americas","1793","251"
"Spanish_Americas","1794","0"
"Spanish_Americas","1795","312"
"Spanish_Americas","1796","166"
"Spanish_Americas","1797","0"
"Spanish_Americas","1798","0"
"Spanish_Americas","1799","797"
"Spanish_Americas","1800","0"
"Spanish_Americas","1801","189"
"Spanish_Americas","1802","450"
"Spanish_Americas","1803","412"
"Spanish_Americas","1804","1757"
"Spanish_Americas","1805","327"
"Spanish_Americas","1806","231"
"Spanish_Americas","1807","250"
"Spanish_Americas","1808","0"
"Spanish_Americas","1809","662"
"Spanish_Americas","1810","943"
"Spanish_Americas","1811","1116"
"Spanish_Americas","1812","0"
"Spanish_Americas","1813","243"
"Spanish_Americas","1814","138"
"Spanish_Americas","1815","319"
"Spanish_Americas","1816","319"
"Spanish_Americas","1817","628"
"Spanish_Americas","1818","180"
"Spanish_Americas","1819","528"
"Spanish_Americas","1820","842"
"Spanish_Americas","1821","701"
"Spanish_Americas","1822","512"
"Spanish_Americas","1823","0"
"Spanish_Americas","1824","0"
"Spanish_Americas","1825","350"
"Spanish_Americas","1826","380"
"Spanish_Americas","1827","0"
"Spanish_Americas","1828","1057"
"Spanish_Americas","1829","0"
"Spanish_Americas","1830","0"
"Spanish_Americas","1831","0"
"Spanish_Americas","1832","0"
"Spanish_Americas","1833","0"
"Spanish_Americas","1834","0"
"Spanish_Americas","1835","0"
"Spanish_Americas","1836","0"
"Spanish_Americas","1837","0"
"Spanish_Americas","1838","0"
"Spanish_Americas","1839","0"
"Spanish_Americas","1840","0"
"Spanish_Americas","1841","0"
"Spanish_Americas","1842","0"
"Spanish_Americas","1843","0"
"Spanish_Americas","1844","0"
"Spanish_Americas","1845","0"
"Spanish_Americas","1846","0"
"Spanish_Americas","1847","0"
"Spanish_Americas","1848","0"
"Spanish_Americas","1849","0"
"Spanish_Americas","1850","0"
"Spanish_Americas","1851","0"
"Other_Americas","1501","0"
"Other_Americas","1502","0"
"Other_Americas","1503","0"
"Other_Americas","1504","0"
"Other_Americas","1505","0"
"Other_Americas","1506","0"
"Other_Americas","1507","0"
"Other_Americas","1508","0"
"Other_Americas","1509","0"
"Other_Americas","1510","0"
"Other_Americas","1511","0"
"Other_Americas","1512","0"
"Other_Americas","1513","0"
"Other_Americas","1514","0"
"Other_Americas","1515","0"
"Other_Americas","1516","0"
"Other_Americas","1517","0"
"Other_Americas","1518","0"
"Other_Americas","1519","0"
"Other_Americas","1520","0"
"Other_Americas","1521","0"
"Other_Americas","1522","0"
"Other_Americas","1523","0"
"Other_Americas","1524","0"
"Other_Americas","1525","0"
"Other_Americas","1526","0"
"Other_Americas","1527","0"
"Other_Americas","1528","0"
"Other_Americas","1529","0"
"Other_Americas","1530","0"
"Other_Americas","1531","0"
"Other_Americas","1532","0"
"Other_Americas","1533","0"
"Other_Americas","1534","0"
"Other_Americas","1535","0"
"Other_Americas","1536","0"
"Other_Americas","1537","0"
"Other_Americas","1538","0"
"Other_Americas","1539","0"
"Other_Americas","1540","0"
"Other_Americas","1541","0"
"Other_Americas","1542","0"
"Other_Americas","1543","0"
"Other_Americas","1544","0"
"Other_Americas","1545","0"
"Other_Americas","1546","0"
"Other_Americas","1547","0"
"Other_Americas","1548","0"
"Other_Americas","1549","0"
"Other_Americas","1550","0"
"Other_Americas","1551","0"
"Other_Americas","1552","0"
"Other_Americas","1553","0"
"Other_Americas","1554","0"
"Other_Americas","1555","0"
"Other_Americas","1556","0"
"Other_Americas","1557","0"
"Other_Americas","1558","0"
"Other_Americas","1559","0"
"Other_Americas","1560","0"
"Other_Americas","1561","0"
"Other_Americas","1562","0"
"Other_Americas","1563","0"
"Other_Americas","1564","0"
"Other_Americas","1565","0"
"Other_Americas","1566","0"
"Other_Americas","1567","0"
"Other_Americas","1568","0"
"Other_Americas","1569","0"
"Other_Americas","1570","0"
"Other_Americas","1571","0"
"Other_Americas","1572","0"
"Other_Americas","1573","0"
"Other_Americas","1574","0"
"Other_Americas","1575","0"
"Other_Americas","1576","0"
"Other_Americas","1577","0"
"Other_Americas","1578","0"
"Other_Americas","1579","0"
"Other_Americas","1580","0"
"Other_Americas","1581","0"
"Other_Americas","1582","0"
"Other_Americas","1583","0"
"Other_Americas","1584","0"
"Other_Americas","1585","0"
"Other_Americas","1586","0"
"Other_Americas","1587","0"
"Other_Americas","1588","0"
"Other_Americas","1589","0"
"Other_Americas","1590","0"
"Other_Americas","1591","0"
"Other_Americas","1592","0"
"Other_Americas","1593","0"
"Other_Americas","1594","0"
"Other_Americas","1595","0"
"Other_Americas","1596","0"
"Other_Americas","1597","0"
"Other_Americas","1598","0"
"Other_Americas","1599","0"
"Other_Americas","1600","0"
"Other_Americas","1601","0"
"Other_Americas","1602","0"
"Other_Americas","1603","0"
"Other_Americas","1604","0"
"Other_Americas","1605","0"
"Other_Americas","1606","0"
"Other_Americas","1607","97"
"Other_Americas","1608","0"
"Other_Americas","1609","0"
"Other_Americas","1610","0"
"Other_Americas","1611","0"
"Other_Americas","1612","0"
"Other_Americas","1613","0"
"Other_Americas","1614","0"
"Other_Americas","1615","0"
"Other_Americas","1616","0"
"Other_Americas","1617","0"
"Other_Americas","1618","0"
"Other_Americas","1619","0"
"Other_Americas","1620","0"
"Other_Americas","1621","0"
"Other_Americas","1622","0"
"Other_Americas","1623","0"
"Other_Americas","1624","0"
"Other_Americas","1625","0"
"Other_Americas","1626","0"
"Other_Americas","1627","0"
"Other_Americas","1628","0"
"Other_Americas","1629","0"
"Other_Americas","1630","0"
"Other_Americas","1631","0"
"Other_Americas","1632","0"
"Other_Americas","1633","0"
"Other_Americas","1634","0"
"Other_Americas","1635","0"
"Other_Americas","1636","0"
"Other_Americas","1637","0"
"Other_Americas","1638","0"
"Other_Americas","1639","0"
"Other_Americas","1640","0"
"Other_Americas","1641","0"
"Other_Americas","1642","0"
"Other_Americas","1643","0"
"Other_Americas","1644","0"
"Other_Americas","1645","0"
"Other_Americas","1646","0"
"Other_Americas","1647","0"
"Other_Americas","1648","0"
"Other_Americas","1649","0"
"Other_Americas","1650","0"
"Other_Americas","1651","0"
"Other_Americas","1652","0"
"Other_Americas","1653","0"
"Other_Americas","1654","0"
"Other_Americas","1655","0"
"Other_Americas","1656","0"
"Other_Americas","1657","0"
"Other_Americas","1658","0"
"Other_Americas","1659","0"
"Other_Americas","1660","0"
"Other_Americas","1661","0"
"Other_Americas","1662","0"
"Other_Americas","1663","0"
"Other_Americas","1664","0"
"Other_Americas","1665","0"
"Other_Americas","1666","0"
"Other_Americas","1667","0"
"Other_Americas","1668","0"
"Other_Americas","1669","0"
"Other_Americas","1670","0"
"Other_Americas","1671","0"
"Other_Americas","1672","0"
"Other_Americas","1673","0"
"Other_Americas","1674","0"
"Other_Americas","1675","0"
"Other_Americas","1676","0"
"Other_Americas","1677","0"
"Other_Americas","1678","0"
"Other_Americas","1679","0"
"Other_Americas","1680","0"
"Other_Americas","1681","0"
"Other_Americas","1682","0"
"Other_Americas","1683","0"
"Other_Americas","1684","0"
"Other_Americas","1685","241"
"Other_Americas","1686","0"
"Other_Americas","1687","0"
"Other_Americas","1688","0"
"Other_Americas","1689","0"
"Other_Americas","1690","0"
"Other_Americas","1691","0"
"Other_Americas","1692","0"
"Other_Americas","1693","0"
"Other_Americas","1694","0"
"Other_Americas","1695","0"
"Other_Americas","1696","0"
"Other_Americas","1697","0"
"Other_Americas","1698","0"
"Other_Americas","1699","0"
"Other_Americas","1700","0"
"Other_Americas","1701","0"
"Other_Americas","1702","0"
"Other_Americas","1703","0"
"Other_Americas","1704","0"
"Other_Americas","1705","0"
"Other_Americas","1706","0"
"Other_Americas","1707","186"
"Other_Americas","1708","0"
"Other_Americas","1709","77"
"Other_Americas","1710","0"
"Other_Americas","1711","0"
"Other_Americas","1712","0"
"Other_Americas","1713","0"
"Other_Americas","1714","0"
"Other_Americas","1715","0"
"Other_Americas","1716","0"
"Other_Americas","1717","0"
"Other_Americas","1718","0"
"Other_Americas","1719","0"
"Other_Americas","1720","0"
"Other_Americas","1721","0"
"Other_Americas","1722","0"
"Other_Americas","1723","0"
"Other_Americas","1724","0"
"Other_Americas","1725","0"
"Other_Americas","1726","0"
"Other_Americas","1727","0"
"Other_Americas","1728","0"
"Other_Americas","1729","0"
"Other_Americas","1730","0"
"Other_Americas","1731","0"
"Other_Americas","1732","0"
"Other_Americas","1733","0"
"Other_Americas","1734","0"
"Other_Americas","1735","0"
"Other_Americas","1736","0"
"Other_Americas","1737","0"
"Other_Americas","1738","0"
"Other_Americas","1739","0"
"Other_Americas","1740","0"
"Other_Americas","1741","0"
"Other_Americas","1742","0"
"Other_Americas","1743","0"
"Other_Americas","1744","0"
"Other_Americas","1745","0"
"Other_Americas","1746","0"
"Other_Americas","1747","0"
"Other_Americas","1748","0"
"Other_Americas","1749","0"
"Other_Americas","1750","0"
"Other_Americas","1751","0"
"Other_Americas","1752","0"
"Other_Americas","1753","0"
"Other_Americas","1754","0"
"Other_Americas","1755","0"
"Other_Americas","1756","0"
"Other_Americas","1757","0"
"Other_Americas","1758","0"
"Other_Americas","1759","0"
"Other_Americas","1760","100"
"Other_Americas","1761","0"
"Other_Americas","1762","0"
"Other_Americas","1763","0"
"Other_Americas","1764","0"
"Other_Americas","1765","0"
"Other_Americas","1766","0"
"Other_Americas","1767","0"
"Other_Americas","1768","0"
"Other_Americas","1769","0"
"Other_Americas","1770","0"
"Other_Americas","1771","0"
"Other_Americas","1772","0"
"Other_Americas","1773","0"
"Other_Americas","1774","0"
"Other_Americas","1775","0"
"Other_Americas","1776","0"
"Other_Americas","1777","0"
"Other_Americas","1778","0"
"Other_Americas","1779","0"
"Other_Americas","1780","0"
"Other_Americas","1781","0"
"Other_Americas","1782","0"
"Other_Americas","1783","0"
"Other_Americas","1784","0"
"Other_Americas","1785","0"
"Other_Americas","1786","0"
"Other_Americas","1787","0"
"Other_Americas","1788","0"
"Other_Americas","1789","0"
"Other_Americas","1790","0"
"Other_Americas","1791","0"
"Other_Americas","1792","0"
"Other_Americas","1793","0"
"Other_Americas","1794","0"
"Other_Americas","1795","0"
"Other_Americas","1796","0"
"Other_Americas","1797","0"
"Other_Americas","1798","0"
"Other_Americas","1799","0"
"Other_Americas","1800","0"
"Other_Americas","1801","0"
"Other_Americas","1802","0"
"Other_Americas","1803","192"
"Other_Americas","1804","0"
"Other_Americas","1805","120"
"Other_Americas","1806","0"
"Other_Americas","1807","0"
"Other_Americas","1808","0"
"Other_Americas","1809","436"
"Other_Americas","1810","856"
"Other_Americas","1811","519"
"Other_Americas","1812","0"
"Other_Americas","1813","0"
"Other_Americas","1814","0"
"Other_Americas","1815","0"
"Other_Americas","1816","265"
"Other_Americas","1817","95"
"Other_Americas","1818","95"
"Other_Americas","1819","0"
"Other_Americas","1820","0"
"Other_Americas","1821","0"
"Other_Americas","1822","500"
"Other_Americas","1823","0"
"Other_Americas","1824","0"
"Other_Americas","1825","0"
"Other_Americas","1826","0"
"Other_Americas","1827","0"
"Other_Americas","1828","0"
"Other_Americas","1829","0"
"Other_Americas","1830","251"
"Other_Americas","1831","157"
"Other_Americas","1832","385"
"Other_Americas","1833","232"
"Other_Americas","1834","368"
"Other_Americas","1835","0"
"Other_Americas","1836","741"
"Other_Americas","1837","2103"
"Other_Americas","1838","2221"
"Other_Americas","1839","533"
"Other_Americas","1840","279"
"Other_Americas","1841","0"
"Other_Americas","1842","314"
"Other_Americas","1843","0"
"Other_Americas","1844","0"
"Other_Americas","1845","0"
"Other_Americas","1846","0"
"Other_Americas","1847","0"
"Other_Americas","1848","0"
"Other_Americas","1849","0"
"Other_Americas","1850","0"
"Other_Americas","1851","0"
"USA","1645","315"
"USA","1650","387"
"USA","1678","56"
"USA","1679","315"
"USA","1680","158"
"USA","1681","193"
"USA","1682","0"
"USA","1683","0"
"USA","1684","0"
"USA","1685","208"
"USA","1686","0"
"USA","1687","153"
"USA","1688","0"
"USA","1689","0"
"USA","1690","0"
"USA","1691","0"
"USA","1692","0"
"USA","1693","193"
"USA","1694","0"
"USA","1695","193"
"USA","1696","0"
"USA","1697","193"
"USA","1698","855"
"USA","1699","0"
"USA","1700","31"
"USA","1701","0"
"USA","1702","0"
"USA","1703","0"
"USA","1704","0"
"USA","1705","30"
"USA","1706","0"
"USA","1707","0"
"USA","1708","0"
"USA","1709","0"
"USA","1710","66"
"USA","1711","66"
"USA","1712","96"
"USA","1713","0"
"USA","1714","0"
"USA","1715","48"
"USA","1716","54"
"USA","1717","553"
"USA","1718","383"
"USA","1719","226"
"USA","1720","126"
"USA","1721","0"
"USA","1722","158"
"USA","1723","87"
"USA","1724","0"
"USA","1725","719"
"USA","1726","736"
"USA","1727","287"
"USA","1728","818"
"USA","1729","1267"
"USA","1730","249"
"USA","1731","964"
"USA","1732","1708"
"USA","1733","1343"
"USA","1734","574"
"USA","1735","1051"
"USA","1736","2380"
"USA","1737","1663"
"USA","1738","1409"
"USA","1739","1785"
"USA","1740","1272"
"USA","1741","1121"
"USA","1742","841"
"USA","1743","1185"
"USA","1744","1094"
"USA","1745","420"
"USA","1746","484"
"USA","1747","708"
"USA","1748","918"
"USA","1749","1140"
"USA","1750","2085"
"USA","1751","3009"
"USA","1752","1822"
"USA","1753","1749"
"USA","1754","1283"
"USA","1755","2339"
"USA","1756","1238"
"USA","1757","2561"
"USA","1758","1811"
"USA","1759","1520"
"USA","1760","1710"
"USA","1761","3073"
"USA","1762","2880"
"USA","1763","3473"
"USA","1764","4238"
"USA","1765","3739"
"USA","1766","2488"
"USA","1767","2862"
"USA","1768","2212"
"USA","1769","2849"
"USA","1770","3369"
"USA","1771","3306"
"USA","1772","4004"
"USA","1773","4835"
"USA","1774","5714"
"USA","1775","2540"
"USA","1776","510"
"USA","1777","0"
"USA","1778","140"
"USA","1779","0"
"USA","1780","0"
"USA","1781","0"
"USA","1782","270"
"USA","1783","939"
"USA","1784","931"
"USA","1785","2388"
"USA","1786","1585"
"USA","1787","2083"
"USA","1788","835"
"USA","1789","2142"
"USA","1790","2648"
"USA","1791","2537"
"USA","1792","5253"
"USA","1793","3650"
"USA","1794","3339"
"USA","1795","4720"
"USA","1796","6496"
"USA","1797","5167"
"USA","1798","1935"
"USA","1799","4149"
"USA","1800","4886"
"USA","1801","2329"
"USA","1802","4913"
"USA","1803","5513"
"USA","1804","8725"
"USA","1805","12689"
"USA","1806","17280"
"USA","1807","29675"
"USA","1808","2586"
"USA","1809","410"
"USA","1810","1381"
"USA","1811","500"
"USA","1812","410"
"USA","1813","410"
"USA","1814","410"
"USA","1815","410"
"USA","1816","410"
"USA","1817","410"
"USA","1818","410"
"USA","1819","410"
"USA","1820","410"
"USA","1821","141"
"USA","1822","0"
"USA","1823","0"
"USA","1824","158"
"USA","1825","0"
"USA","1826","0"
"USA","1827","406"
"USA","1828","0"
"USA","1829","1256"
"USA","1858","303"
"USA","1860","110"
