"year","quantity","state"
"1500","0","Amazônia"
"1501","0","Amazônia"
"1502","0","Amazônia"
"1503","0","Amazônia"
"1504","0","Amazônia"
"1505","0","Amazônia"
"1506","0","Amazônia"
"1507","0","Amazônia"
"1508","0","Amazônia"
"1509","0","Amazônia"
"1510","0","Amazônia"
"1511","0","Amazônia"
"1512","0","Amazônia"
"1513","0","Amazônia"
"1514","0","Amazônia"
"1515","0","Amazônia"
"1516","0","Amazônia"
"1517","0","Amazônia"
"1518","0","Amazônia"
"1519","0","Amazônia"
"1520","0","Amazônia"
"1521","0","Amazônia"
"1522","0","Amazônia"
"1523","0","Amazônia"
"1524","0","Amazônia"
"1525","0","Amazônia"
"1526","0","Amazônia"
"1527","0","Amazônia"
"1528","0","Amazônia"
"1529","0","Amazônia"
"1530","0","Amazônia"
"1531","0","Amazônia"
"1532","0","Amazônia"
"1533","0","Amazônia"
"1534","0","Amazônia"
"1535","0","Amazônia"
"1536","0","Amazônia"
"1537","0","Amazônia"
"1538","0","Amazônia"
"1539","0","Amazônia"
"1540","0","Amazônia"
"1541","0","Amazônia"
"1542","0","Amazônia"
"1543","0","Amazônia"
"1544","0","Amazônia"
"1545","0","Amazônia"
"1546","0","Amazônia"
"1547","0","Amazônia"
"1548","0","Amazônia"
"1549","0","Amazônia"
"1550","0","Amazônia"
"1551","0","Amazônia"
"1552","0","Amazônia"
"1553","0","Amazônia"
"1554","0","Amazônia"
"1555","0","Amazônia"
"1556","0","Amazônia"
"1557","0","Amazônia"
"1558","0","Amazônia"
"1559","0","Amazônia"
"1560","0","Amazônia"
"1561","0","Amazônia"
"1562","0","Amazônia"
"1563","0","Amazônia"
"1564","0","Amazônia"
"1565","0","Amazônia"
"1566","0","Amazônia"
"1567","0","Amazônia"
"1568","0","Amazônia"
"1569","0","Amazônia"
"1570","0","Amazônia"
"1571","0","Amazônia"
"1572","0","Amazônia"
"1573","0","Amazônia"
"1574","0","Amazônia"
"1575","0","Amazônia"
"1576","0","Amazônia"
"1577","0","Amazônia"
"1578","0","Amazônia"
"1579","0","Amazônia"
"1580","0","Amazônia"
"1581","0","Amazônia"
"1582","0","Amazônia"
"1583","0","Amazônia"
"1584","0","Amazônia"
"1585","0","Amazônia"
"1586","0","Amazônia"
"1587","0","Amazônia"
"1588","0","Amazônia"
"1589","0","Amazônia"
"1590","0","Amazônia"
"1591","0","Amazônia"
"1592","0","Amazônia"
"1593","0","Amazônia"
"1594","0","Amazônia"
"1595","0","Amazônia"
"1596","0","Amazônia"
"1597","0","Amazônia"
"1598","0","Amazônia"
"1599","0","Amazônia"
"1600","0","Amazônia"
"1601","0","Amazônia"
"1602","0","Amazônia"
"1603","0","Amazônia"
"1604","0","Amazônia"
"1605","0","Amazônia"
"1606","0","Amazônia"
"1607","0","Amazônia"
"1608","0","Amazônia"
"1609","0","Amazônia"
"1610","0","Amazônia"
"1611","0","Amazônia"
"1612","0","Amazônia"
"1613","0","Amazônia"
"1614","0","Amazônia"
"1615","0","Amazônia"
"1616","0","Amazônia"
"1617","0","Amazônia"
"1618","0","Amazônia"
"1619","0","Amazônia"
"1620","0","Amazônia"
"1621","0","Amazônia"
"1622","0","Amazônia"
"1623","0","Amazônia"
"1624","0","Amazônia"
"1625","0","Amazônia"
"1626","0","Amazônia"
"1627","0","Amazônia"
"1628","0","Amazônia"
"1629","0","Amazônia"
"1630","0","Amazônia"
"1631","0","Amazônia"
"1632","0","Amazônia"
"1633","0","Amazônia"
"1634","0","Amazônia"
"1635","0","Amazônia"
"1636","0","Amazônia"
"1637","0","Amazônia"
"1638","0","Amazônia"
"1639","0","Amazônia"
"1640","0","Amazônia"
"1641","0","Amazônia"
"1642","0","Amazônia"
"1643","0","Amazônia"
"1644","0","Amazônia"
"1645","0","Amazônia"
"1646","0","Amazônia"
"1647","0","Amazônia"
"1648","0","Amazônia"
"1649","0","Amazônia"
"1650","0","Amazônia"
"1651","0","Amazônia"
"1652","0","Amazônia"
"1653","0","Amazônia"
"1654","0","Amazônia"
"1655","0","Amazônia"
"1656","0","Amazônia"
"1657","0","Amazônia"
"1658","0","Amazônia"
"1659","0","Amazônia"
"1660","0","Amazônia"
"1661","0","Amazônia"
"1662","0","Amazônia"
"1663","0","Amazônia"
"1664","0","Amazônia"
"1665","0","Amazônia"
"1666","0","Amazônia"
"1667","0","Amazônia"
"1668","0","Amazônia"
"1669","0","Amazônia"
"1670","0","Amazônia"
"1671","0","Amazônia"
"1672","0","Amazônia"
"1673","1114","Amazônia"
"1674","1114","Amazônia"
"1675","1114","Amazônia"
"1676","1114","Amazônia"
"1677","1114","Amazônia"
"1678","1114","Amazônia"
"1679","1114","Amazônia"
"1680","1714","Amazônia"
"1681","1714","Amazônia"
"1682","1714","Amazônia"
"1683","1714","Amazônia"
"1684","1914","Amazônia"
"1685","1914","Amazônia"
"1686","1914","Amazônia"
"1687","1914","Amazônia"
"1688","1914","Amazônia"
"1689","1914","Amazônia"
"1690","1914","Amazônia"
"1691","1914","Amazônia"
"1692","2059","Amazônia"
"1693","2349","Amazônia"
"1694","2349","Amazônia"
"1695","2451","Amazônia"
"1696","2609","Amazônia"
"1697","2609","Amazônia"
"1698","2827","Amazônia"
"1699","2827","Amazônia"
"1700","2827","Amazônia"
"1701","2942","Amazônia"
"1702","3052","Amazônia"
"1703","3222","Amazônia"
"1704","3222","Amazônia"
"1705","3222","Amazônia"
"1706","3222","Amazônia"
"1707","3222","Amazônia"
"1708","3309","Amazônia"
"1709","3309","Amazônia"
"1710","3309","Amazônia"
"1711","3309","Amazônia"
"1712","3309","Amazônia"
"1713","3309","Amazônia"
"1714","3665","Amazônia"
"1715","3750","Amazônia"
"1716","3750","Amazônia"
"1717","3750","Amazônia"
"1718","3750","Amazônia"
"1719","3750","Amazônia"
"1720","3750","Amazônia"
"1721","3750","Amazônia"
"1722","3750","Amazônia"
"1723","3750","Amazônia"
"1724","3750","Amazônia"
"1725","3750","Amazônia"
"1726","3750","Amazônia"
"1727","3750","Amazônia"
"1728","3750","Amazônia"
"1729","3750","Amazônia"
"1730","3750","Amazônia"
"1731","3750","Amazônia"
"1732","3750","Amazônia"
"1733","3750","Amazônia"
"1734","3750","Amazônia"
"1735","3750","Amazônia"
"1736","3750","Amazônia"
"1737","3750","Amazônia"
"1738","3750","Amazônia"
"1739","3750","Amazônia"
"1740","3819","Amazônia"
"1741","3826","Amazônia"
"1742","3826","Amazônia"
"1743","3918","Amazônia"
"1744","3918","Amazônia"
"1745","3918","Amazônia"
"1746","3918","Amazônia"
"1747","3918","Amazônia"
"1748","3918","Amazônia"
"1749","3918","Amazônia"
"1750","3918","Amazônia"
"1751","3918","Amazônia"
"1752","4350","Amazônia"
"1753","4777","Amazônia"
"1754","4777","Amazônia"
"1755","5211","Amazônia"
"1756","5744","Amazônia"
"1757","6441","Amazônia"
"1758","7886","Amazônia"
"1759","8744","Amazônia"
"1760","9393","Amazônia"
"1761","10217","Amazônia"
"1762","12450","Amazônia"
"1763","13166","Amazônia"
"1764","14488","Amazônia"
"1765","16180","Amazônia"
"1766","17128","Amazônia"
"1767","18469","Amazônia"
"1768","19520","Amazônia"
"1769","20284","Amazônia"
"1770","21461","Amazônia"
"1771","22472","Amazônia"
"1772","23636","Amazônia"
"1773","24615","Amazônia"
"1774","25542","Amazônia"
"1775","26685","Amazônia"
"1776","28771","Amazônia"
"1777","29926","Amazônia"
"1778","32475","Amazônia"
"1779","34024","Amazônia"
"1780","34898","Amazônia"
"1781","36745","Amazônia"
"1782","37572","Amazônia"
"1783","39795","Amazônia"
"1784","40256","Amazônia"
"1785","41298","Amazônia"
"1786","42685","Amazônia"
"1787","45520","Amazônia"
"1788","48045","Amazônia"
"1789","49832","Amazônia"
"1790","51388","Amazônia"
"1791","52544","Amazônia"
"1792","54299","Amazônia"
"1793","56180","Amazônia"
"1794","58404","Amazônia"
"1795","61247","Amazônia"
"1796","62469","Amazônia"
"1797","64064","Amazônia"
"1798","64789","Amazônia"
"1799","64789","Amazônia"
"1800","66331","Amazônia"
"1801","67980","Amazônia"
"1802","70512","Amazônia"
"1803","72703","Amazônia"
"1804","78236","Amazônia"
"1805","83054","Amazônia"
"1806","88392","Amazônia"
"1807","91387","Amazônia"
"1808","92381","Amazônia"
"1809","94384","Amazônia"
"1810","96668","Amazônia"
"1811","99455","Amazônia"
"1812","100753","Amazônia"
"1813","101796","Amazônia"
"1814","103094","Amazônia"
"1815","104632","Amazônia"
"1816","104632","Amazônia"
"1817","107343","Amazônia"
"1818","111098","Amazônia"
"1819","113374","Amazônia"
"1820","115348","Amazônia"
"1821","116906","Amazônia"
"1822","116906","Amazônia"
"1823","118541","Amazônia"
"1824","118541","Amazônia"
"1825","119413","Amazônia"
"1826","120393","Amazônia"
"1827","122041","Amazônia"
"1828","122597","Amazônia"
"1829","123067","Amazônia"
"1830","124770","Amazônia"
"1831","124929","Amazônia"
"1832","124929","Amazônia"
"1833","124929","Amazônia"
"1834","124929","Amazônia"
"1835","125436","Amazônia"
"1836","125436","Amazônia"
"1837","125436","Amazônia"
"1838","125558","Amazônia"
"1839","125747","Amazônia"
"1840","125747","Amazônia"
"1841","127032","Amazônia"
"1842","127753","Amazônia"
"1843","127753","Amazônia"
"1844","127753","Amazônia"
"1845","127753","Amazônia"
"1846","127809","Amazônia"
"1847","127809","Amazônia"
"1848","127809","Amazônia"
"1849","127809","Amazônia"
"1850","127809","Amazônia"
"1851","127809","Amazônia"
"1852","127809","Amazônia"
"1853","127809","Amazônia"
"1854","127809","Amazônia"
"1855","127809","Amazônia"
"1856","127809","Amazônia"
"1857","127809","Amazônia"
"1858","127809","Amazônia"
"1859","127809","Amazônia"
"1860","127809","Amazônia"
"1861","127809","Amazônia"
"1862","127809","Amazônia"
"1863","127809","Amazônia"
"1864","127809","Amazônia"
"1865","127809","Amazônia"
"1866","127809","Amazônia"
"1867","127809","Amazônia"
"1868","127809","Amazônia"
"1869","127809","Amazônia"
"1870","127809","Amazônia"
"1871","127809","Amazônia"
"1872","127809","Amazônia"
"1873","127809","Amazônia"
"1874","127809","Amazônia"
"1875","127809","Amazônia"
"1876","127809","Amazônia"
"1877","127809","Amazônia"
"1878","127809","Amazônia"
"1879","127809","Amazônia"
"1880","127809","Amazônia"
"1881","127809","Amazônia"
"1882","127809","Amazônia"
"1883","127809","Amazônia"
"1884","127809","Amazônia"
"1885","127809","Amazônia"
"1886","127809","Amazônia"
"1887","127809","Amazônia"
"1888","127809","Amazônia"
"1500","0","Bahia"
"1501","0","Bahia"
"1502","0","Bahia"
"1503","0","Bahia"
"1504","0","Bahia"
"1505","0","Bahia"
"1506","0","Bahia"
"1507","0","Bahia"
"1508","0","Bahia"
"1509","0","Bahia"
"1510","0","Bahia"
"1511","0","Bahia"
"1512","0","Bahia"
"1513","0","Bahia"
"1514","0","Bahia"
"1515","0","Bahia"
"1516","0","Bahia"
"1517","0","Bahia"
"1518","0","Bahia"
"1519","0","Bahia"
"1520","0","Bahia"
"1521","0","Bahia"
"1522","0","Bahia"
"1523","0","Bahia"
"1524","0","Bahia"
"1525","0","Bahia"
"1526","0","Bahia"
"1527","0","Bahia"
"1528","0","Bahia"
"1529","0","Bahia"
"1530","0","Bahia"
"1531","0","Bahia"
"1532","0","Bahia"
"1533","0","Bahia"
"1534","0","Bahia"
"1535","0","Bahia"
"1536","0","Bahia"
"1537","0","Bahia"
"1538","0","Bahia"
"1539","0","Bahia"
"1540","0","Bahia"
"1541","0","Bahia"
"1542","0","Bahia"
"1543","0","Bahia"
"1544","0","Bahia"
"1545","0","Bahia"
"1546","0","Bahia"
"1547","0","Bahia"
"1548","0","Bahia"
"1549","0","Bahia"
"1550","0","Bahia"
"1551","0","Bahia"
"1552","0","Bahia"
"1553","0","Bahia"
"1554","0","Bahia"
"1555","0","Bahia"
"1556","0","Bahia"
"1557","0","Bahia"
"1558","0","Bahia"
"1559","0","Bahia"
"1560","0","Bahia"
"1561","0","Bahia"
"1562","0","Bahia"
"1563","0","Bahia"
"1564","0","Bahia"
"1565","0","Bahia"
"1566","0","Bahia"
"1567","0","Bahia"
"1568","0","Bahia"
"1569","0","Bahia"
"1570","0","Bahia"
"1571","0","Bahia"
"1572","0","Bahia"
"1573","0","Bahia"
"1574","0","Bahia"
"1575","0","Bahia"
"1576","0","Bahia"
"1577","0","Bahia"
"1578","0","Bahia"
"1579","0","Bahia"
"1580","0","Bahia"
"1581","0","Bahia"
"1582","166","Bahia"
"1583","166","Bahia"
"1584","166","Bahia"
"1585","166","Bahia"
"1586","166","Bahia"
"1587","166","Bahia"
"1588","166","Bahia"
"1589","166","Bahia"
"1590","166","Bahia"
"1591","166","Bahia"
"1592","166","Bahia"
"1593","166","Bahia"
"1594","166","Bahia"
"1595","166","Bahia"
"1596","166","Bahia"
"1597","166","Bahia"
"1598","166","Bahia"
"1599","166","Bahia"
"1600","166","Bahia"
"1601","166","Bahia"
"1602","166","Bahia"
"1603","166","Bahia"
"1604","166","Bahia"
"1605","166","Bahia"
"1606","166","Bahia"
"1607","193","Bahia"
"1608","193","Bahia"
"1609","193","Bahia"
"1610","402","Bahia"
"1611","507","Bahia"
"1612","507","Bahia"
"1613","507","Bahia"
"1614","507","Bahia"
"1615","507","Bahia"
"1616","507","Bahia"
"1617","507","Bahia"
"1618","507","Bahia"
"1619","507","Bahia"
"1620","507","Bahia"
"1621","507","Bahia"
"1622","507","Bahia"
"1623","507","Bahia"
"1624","943","Bahia"
"1625","943","Bahia"
"1626","1091","Bahia"
"1627","1696","Bahia"
"1628","1696","Bahia"
"1629","1696","Bahia"
"1630","1696","Bahia"
"1631","1696","Bahia"
"1632","1696","Bahia"
"1633","1696","Bahia"
"1634","1696","Bahia"
"1635","1696","Bahia"
"1636","1696","Bahia"
"1637","1696","Bahia"
"1638","1696","Bahia"
"1639","1696","Bahia"
"1640","1696","Bahia"
"1641","1956","Bahia"
"1642","1956","Bahia"
"1643","1956","Bahia"
"1644","2324","Bahia"
"1645","2324","Bahia"
"1646","4231","Bahia"
"1647","4231","Bahia"
"1648","4231","Bahia"
"1649","4389","Bahia"
"1650","5790","Bahia"
"1651","5999","Bahia"
"1652","6564","Bahia"
"1653","6920","Bahia"
"1654","6920","Bahia"
"1655","6920","Bahia"
"1656","6920","Bahia"
"1657","6920","Bahia"
"1658","6920","Bahia"
"1659","6920","Bahia"
"1660","6920","Bahia"
"1661","7276","Bahia"
"1662","7276","Bahia"
"1663","7276","Bahia"
"1664","7904","Bahia"
"1665","8260","Bahia"
"1666","8260","Bahia"
"1667","8469","Bahia"
"1668","8469","Bahia"
"1669","8469","Bahia"
"1670","8469","Bahia"
"1671","9726","Bahia"
"1672","9935","Bahia"
"1673","9935","Bahia"
"1674","9935","Bahia"
"1675","9935","Bahia"
"1676","10551","Bahia"
"1677","10969","Bahia"
"1678","12037","Bahia"
"1679","12586","Bahia"
"1680","14093","Bahia"
"1681","14438","Bahia"
"1682","14757","Bahia"
"1683","14862","Bahia"
"1684","16329","Bahia"
"1685","18171","Bahia"
"1686","18855","Bahia"
"1687","18855","Bahia"
"1688","20244","Bahia"
"1689","20244","Bahia"
"1690","23219","Bahia"
"1691","26718","Bahia"
"1692","30025","Bahia"
"1693","31469","Bahia"
"1694","33040","Bahia"
"1695","36376","Bahia"
"1696","40567","Bahia"
"1697","46375","Bahia"
"1698","54808","Bahia"
"1699","60330","Bahia"
"1700","67205","Bahia"
"1701","72261","Bahia"
"1702","72261","Bahia"
"1703","77286","Bahia"
"1704","81634","Bahia"
"1705","85419","Bahia"
"1706","85419","Bahia"
"1707","92392","Bahia"
"1708","96848","Bahia"
"1709","101575","Bahia"
"1710","106199","Bahia"
"1711","111997","Bahia"
"1712","120371","Bahia"
"1713","129020","Bahia"
"1714","135854","Bahia"
"1715","141897","Bahia"
"1716","149756","Bahia"
"1717","156858","Bahia"
"1718","164421","Bahia"
"1719","170346","Bahia"
"1720","176548","Bahia"
"1721","182070","Bahia"
"1722","186984","Bahia"
"1723","194228","Bahia"
"1724","208684","Bahia"
"1725","215608","Bahia"
"1726","225340","Bahia"
"1727","233606","Bahia"
"1728","244705","Bahia"
"1729","254719","Bahia"
"1730","260045","Bahia"
"1731","271877","Bahia"
"1732","278624","Bahia"
"1733","286379","Bahia"
"1734","296313","Bahia"
"1735","304081","Bahia"
"1736","312496","Bahia"
"1737","320938","Bahia"
"1738","320938","Bahia"
"1739","328159","Bahia"
"1740","337141","Bahia"
"1741","340665","Bahia"
"1742","350746","Bahia"
"1743","356368","Bahia"
"1744","368463","Bahia"
"1745","372485","Bahia"
"1746","378790","Bahia"
"1747","390877","Bahia"
"1748","400053","Bahia"
"1749","410400","Bahia"
"1750","423895","Bahia"
"1751","431200","Bahia"
"1752","440442","Bahia"
"1753","449903","Bahia"
"1754","455317","Bahia"
"1755","462074","Bahia"
"1756","470027","Bahia"
"1757","476546","Bahia"
"1758","482728","Bahia"
"1759","487677","Bahia"
"1760","494601","Bahia"
"1761","501230","Bahia"
"1762","507252","Bahia"
"1763","512650","Bahia"
"1764","515951","Bahia"
"1765","522182","Bahia"
"1766","531559","Bahia"
"1767","538632","Bahia"
"1768","545574","Bahia"
"1769","552845","Bahia"
"1770","557627","Bahia"
"1771","564122","Bahia"
"1772","568216","Bahia"
"1773","574003","Bahia"
"1774","581745","Bahia"
"1775","590562","Bahia"
"1776","590562","Bahia"
"1777","594119","Bahia"
"1778","594119","Bahia"
"1779","600791","Bahia"
"1780","615058","Bahia"
"1781","627516","Bahia"
"1782","640091","Bahia"
"1783","648095","Bahia"
"1784","657063","Bahia"
"1785","663809","Bahia"
"1786","671190","Bahia"
"1787","673752","Bahia"
"1788","678681","Bahia"
"1789","685395","Bahia"
"1790","692047","Bahia"
"1791","698911","Bahia"
"1792","706166","Bahia"
"1793","715707","Bahia"
"1794","728049","Bahia"
"1795","740144","Bahia"
"1796","748005","Bahia"
"1797","748005","Bahia"
"1798","756924","Bahia"
"1799","765999","Bahia"
"1800","774686","Bahia"
"1801","783680","Bahia"
"1802","788673","Bahia"
"1803","797969","Bahia"
"1804","808536","Bahia"
"1805","818524","Bahia"
"1806","830897","Bahia"
"1807","841502","Bahia"
"1808","847973","Bahia"
"1809","847973","Bahia"
"1810","862701","Bahia"
"1811","871342","Bahia"
"1812","883561","Bahia"
"1813","895116","Bahia"
"1814","906840","Bahia"
"1815","919092","Bahia"
"1816","919092","Bahia"
"1817","931866","Bahia"
"1818","943449","Bahia"
"1819","958792","Bahia"
"1820","968291","Bahia"
"1821","977494","Bahia"
"1822","990530","Bahia"
"1823","995149","Bahia"
"1824","995149","Bahia"
"1825","1001186","Bahia"
"1826","1014409","Bahia"
"1827","1029676","Bahia"
"1828","1036544","Bahia"
"1829","1052841","Bahia"
"1830","1060045","Bahia"
"1831","1060489","Bahia"
"1832","1060933","Bahia"
"1833","1062159","Bahia"
"1834","1062615","Bahia"
"1835","1064034","Bahia"
"1836","1064034","Bahia"
"1837","1068153","Bahia"
"1838","1071146","Bahia"
"1839","1075270","Bahia"
"1840","1077562","Bahia"
"1841","1079385","Bahia"
"1842","1083926","Bahia"
"1843","1087037","Bahia"
"1844","1093565","Bahia"
"1845","1096859","Bahia"
"1846","1096859","Bahia"
"1847","1107802","Bahia"
"1848","1115365","Bahia"
"1849","1115365","Bahia"
"1850","1124826","Bahia"
"1851","1125807","Bahia"
"1852","1125807","Bahia"
"1853","1125807","Bahia"
"1854","1125807","Bahia"
"1855","1125807","Bahia"
"1856","1125807","Bahia"
"1857","1125807","Bahia"
"1858","1125807","Bahia"
"1859","1125807","Bahia"
"1860","1125807","Bahia"
"1861","1125807","Bahia"
"1862","1125807","Bahia"
"1863","1125807","Bahia"
"1864","1125807","Bahia"
"1865","1125807","Bahia"
"1866","1125807","Bahia"
"1867","1125807","Bahia"
"1868","1125807","Bahia"
"1869","1125807","Bahia"
"1870","1125807","Bahia"
"1871","1125807","Bahia"
"1872","1125807","Bahia"
"1873","1125807","Bahia"
"1874","1125807","Bahia"
"1875","1125807","Bahia"
"1876","1125807","Bahia"
"1877","1125807","Bahia"
"1878","1125807","Bahia"
"1879","1125807","Bahia"
"1880","1125807","Bahia"
"1881","1125807","Bahia"
"1882","1125807","Bahia"
"1883","1125807","Bahia"
"1884","1125807","Bahia"
"1885","1125807","Bahia"
"1886","1125807","Bahia"
"1887","1125807","Bahia"
"1888","1125807","Bahia"
"1500","0","Pernambuco"
"1501","0","Pernambuco"
"1502","0","Pernambuco"
"1503","0","Pernambuco"
"1504","0","Pernambuco"
"1505","0","Pernambuco"
"1506","0","Pernambuco"
"1507","0","Pernambuco"
"1508","0","Pernambuco"
"1509","0","Pernambuco"
"1510","0","Pernambuco"
"1511","0","Pernambuco"
"1512","0","Pernambuco"
"1513","0","Pernambuco"
"1514","0","Pernambuco"
"1515","0","Pernambuco"
"1516","0","Pernambuco"
"1517","0","Pernambuco"
"1518","0","Pernambuco"
"1519","0","Pernambuco"
"1520","0","Pernambuco"
"1521","0","Pernambuco"
"1522","0","Pernambuco"
"1523","0","Pernambuco"
"1524","0","Pernambuco"
"1525","0","Pernambuco"
"1526","0","Pernambuco"
"1527","0","Pernambuco"
"1528","0","Pernambuco"
"1529","0","Pernambuco"
"1530","0","Pernambuco"
"1531","0","Pernambuco"
"1532","0","Pernambuco"
"1533","0","Pernambuco"
"1534","0","Pernambuco"
"1535","0","Pernambuco"
"1536","0","Pernambuco"
"1537","0","Pernambuco"
"1538","0","Pernambuco"
"1539","0","Pernambuco"
"1540","0","Pernambuco"
"1541","0","Pernambuco"
"1542","0","Pernambuco"
"1543","0","Pernambuco"
"1544","0","Pernambuco"
"1545","0","Pernambuco"
"1546","0","Pernambuco"
"1547","0","Pernambuco"
"1548","0","Pernambuco"
"1549","0","Pernambuco"
"1550","0","Pernambuco"
"1551","0","Pernambuco"
"1552","0","Pernambuco"
"1553","0","Pernambuco"
"1554","0","Pernambuco"
"1555","0","Pernambuco"
"1556","0","Pernambuco"
"1557","0","Pernambuco"
"1558","0","Pernambuco"
"1559","0","Pernambuco"
"1560","0","Pernambuco"
"1561","0","Pernambuco"
"1562","0","Pernambuco"
"1563","0","Pernambuco"
"1564","0","Pernambuco"
"1565","0","Pernambuco"
"1566","0","Pernambuco"
"1567","0","Pernambuco"
"1568","0","Pernambuco"
"1569","0","Pernambuco"
"1570","0","Pernambuco"
"1571","0","Pernambuco"
"1572","0","Pernambuco"
"1573","0","Pernambuco"
"1574","48","Pernambuco"
"1575","332","Pernambuco"
"1576","415","Pernambuco"
"1577","415","Pernambuco"
"1578","415","Pernambuco"
"1579","415","Pernambuco"
"1580","415","Pernambuco"
"1581","415","Pernambuco"
"1582","415","Pernambuco"
"1583","415","Pernambuco"
"1584","415","Pernambuco"
"1585","415","Pernambuco"
"1586","415","Pernambuco"
"1587","415","Pernambuco"
"1588","415","Pernambuco"
"1589","415","Pernambuco"
"1590","415","Pernambuco"
"1591","415","Pernambuco"
"1592","415","Pernambuco"
"1593","415","Pernambuco"
"1594","415","Pernambuco"
"1595","415","Pernambuco"
"1596","415","Pernambuco"
"1597","415","Pernambuco"
"1598","415","Pernambuco"
"1599","415","Pernambuco"
"1600","415","Pernambuco"
"1601","415","Pernambuco"
"1602","415","Pernambuco"
"1603","415","Pernambuco"
"1604","702","Pernambuco"
"1605","702","Pernambuco"
"1606","702","Pernambuco"
"1607","702","Pernambuco"
"1608","702","Pernambuco"
"1609","702","Pernambuco"
"1610","702","Pernambuco"
"1611","702","Pernambuco"
"1612","702","Pernambuco"
"1613","702","Pernambuco"
"1614","702","Pernambuco"
"1615","702","Pernambuco"
"1616","702","Pernambuco"
"1617","702","Pernambuco"
"1618","702","Pernambuco"
"1619","702","Pernambuco"
"1620","702","Pernambuco"
"1621","702","Pernambuco"
"1622","702","Pernambuco"
"1623","702","Pernambuco"
"1624","702","Pernambuco"
"1625","702","Pernambuco"
"1626","702","Pernambuco"
"1627","1223","Pernambuco"
"1628","1223","Pernambuco"
"1629","1223","Pernambuco"
"1630","1957","Pernambuco"
"1631","1957","Pernambuco"
"1632","1957","Pernambuco"
"1633","2257","Pernambuco"
"1634","2257","Pernambuco"
"1635","2257","Pernambuco"
"1636","3116","Pernambuco"
"1637","4345","Pernambuco"
"1638","5863","Pernambuco"
"1639","7534","Pernambuco"
"1640","8823","Pernambuco"
"1641","10434","Pernambuco"
"1642","10434","Pernambuco"
"1643","15446","Pernambuco"
"1644","20378","Pernambuco"
"1645","23957","Pernambuco"
"1646","24722","Pernambuco"
"1647","24728","Pernambuco"
"1648","24728","Pernambuco"
"1649","25308","Pernambuco"
"1650","25599","Pernambuco"
"1651","26648","Pernambuco"
"1652","26839","Pernambuco"
"1653","26839","Pernambuco"
"1654","26839","Pernambuco"
"1655","26839","Pernambuco"
"1656","26839","Pernambuco"
"1657","26839","Pernambuco"
"1658","26839","Pernambuco"
"1659","26839","Pernambuco"
"1660","26839","Pernambuco"
"1661","26839","Pernambuco"
"1662","26839","Pernambuco"
"1663","26839","Pernambuco"
"1664","26839","Pernambuco"
"1665","26839","Pernambuco"
"1666","26839","Pernambuco"
"1667","26839","Pernambuco"
"1668","26839","Pernambuco"
"1669","26839","Pernambuco"
"1670","26839","Pernambuco"
"1671","26839","Pernambuco"
"1672","26839","Pernambuco"
"1673","26839","Pernambuco"
"1674","26839","Pernambuco"
"1675","26839","Pernambuco"
"1676","26839","Pernambuco"
"1677","26839","Pernambuco"
"1678","26839","Pernambuco"
"1679","26839","Pernambuco"
"1680","26839","Pernambuco"
"1681","26944","Pernambuco"
"1682","26944","Pernambuco"
"1683","26944","Pernambuco"
"1684","26944","Pernambuco"
"1685","26944","Pernambuco"
"1686","26944","Pernambuco"
"1687","26944","Pernambuco"
"1688","26944","Pernambuco"
"1689","26944","Pernambuco"
"1690","26944","Pernambuco"
"1691","26944","Pernambuco"
"1692","26944","Pernambuco"
"1693","26944","Pernambuco"
"1694","27459","Pernambuco"
"1695","27459","Pernambuco"
"1696","27459","Pernambuco"
"1697","28151","Pernambuco"
"1698","31463","Pernambuco"
"1699","33145","Pernambuco"
"1700","33668","Pernambuco"
"1701","33878","Pernambuco"
"1702","33878","Pernambuco"
"1703","33878","Pernambuco"
"1704","33878","Pernambuco"
"1705","33878","Pernambuco"
"1706","33878","Pernambuco"
"1707","33878","Pernambuco"
"1708","33878","Pernambuco"
"1709","34235","Pernambuco"
"1710","34235","Pernambuco"
"1711","34235","Pernambuco"
"1712","34235","Pernambuco"
"1713","34235","Pernambuco"
"1714","34235","Pernambuco"
"1715","34949","Pernambuco"
"1716","35306","Pernambuco"
"1717","35306","Pernambuco"
"1718","36086","Pernambuco"
"1719","37441","Pernambuco"
"1720","40585","Pernambuco"
"1721","43081","Pernambuco"
"1722","46563","Pernambuco"
"1723","46563","Pernambuco"
"1724","51456","Pernambuco"
"1725","55918","Pernambuco"
"1726","60500","Pernambuco"
"1727","66763","Pernambuco"
"1728","69859","Pernambuco"
"1729","69859","Pernambuco"
"1730","69859","Pernambuco"
"1731","71206","Pernambuco"
"1732","72634","Pernambuco"
"1733","75669","Pernambuco"
"1734","79027","Pernambuco"
"1735","82062","Pernambuco"
"1736","84204","Pernambuco"
"1737","85950","Pernambuco"
"1738","86924","Pernambuco"
"1739","87910","Pernambuco"
"1740","89991","Pernambuco"
"1741","91289","Pernambuco"
"1742","93697","Pernambuco"
"1743","95178","Pernambuco"
"1744","98816","Pernambuco"
"1745","101081","Pernambuco"
"1746","103875","Pernambuco"
"1747","106487","Pernambuco"
"1748","110875","Pernambuco"
"1749","113100","Pernambuco"
"1750","116895","Pernambuco"
"1751","118658","Pernambuco"
"1752","118658","Pernambuco"
"1753","122586","Pernambuco"
"1754","124943","Pernambuco"
"1755","128012","Pernambuco"
"1756","131770","Pernambuco"
"1757","134521","Pernambuco"
"1758","138818","Pernambuco"
"1759","141636","Pernambuco"
"1760","143885","Pernambuco"
"1761","146008","Pernambuco"
"1762","148175","Pernambuco"
"1763","151666","Pernambuco"
"1764","153361","Pernambuco"
"1765","156602","Pernambuco"
"1766","156602","Pernambuco"
"1767","160064","Pernambuco"
"1768","163748","Pernambuco"
"1769","164795","Pernambuco"
"1770","167598","Pernambuco"
"1771","169285","Pernambuco"
"1772","172300","Pernambuco"
"1773","174007","Pernambuco"
"1774","177014","Pernambuco"
"1775","179879","Pernambuco"
"1776","181733","Pernambuco"
"1777","183569","Pernambuco"
"1778","185085","Pernambuco"
"1779","186859","Pernambuco"
"1780","188118","Pernambuco"
"1781","188118","Pernambuco"
"1782","190696","Pernambuco"
"1783","190696","Pernambuco"
"1784","192809","Pernambuco"
"1785","193192","Pernambuco"
"1786","193837","Pernambuco"
"1787","196044","Pernambuco"
"1788","197152","Pernambuco"
"1789","197802","Pernambuco"
"1790","198774","Pernambuco"
"1791","200070","Pernambuco"
"1792","201523","Pernambuco"
"1793","203376","Pernambuco"
"1794","203700","Pernambuco"
"1795","205324","Pernambuco"
"1796","205931","Pernambuco"
"1797","207490","Pernambuco"
"1798","209786","Pernambuco"
"1799","210423","Pernambuco"
"1800","211408","Pernambuco"
"1801","216224","Pernambuco"
"1802","220815","Pernambuco"
"1803","224878","Pernambuco"
"1804","229451","Pernambuco"
"1805","232512","Pernambuco"
"1806","235923","Pernambuco"
"1807","237595","Pernambuco"
"1808","239171","Pernambuco"
"1809","240533","Pernambuco"
"1810","244765","Pernambuco"
"1811","247777","Pernambuco"
"1812","255242","Pernambuco"
"1813","261213","Pernambuco"
"1814","269832","Pernambuco"
"1815","278290","Pernambuco"
"1816","288284","Pernambuco"
"1817","295556","Pernambuco"
"1818","304471","Pernambuco"
"1819","309767","Pernambuco"
"1820","319930","Pernambuco"
"1821","319930","Pernambuco"
"1822","324585","Pernambuco"
"1823","329343","Pernambuco"
"1824","332176","Pernambuco"
"1825","338667","Pernambuco"
"1826","344520","Pernambuco"
"1827","344520","Pernambuco"
"1828","348075","Pernambuco"
"1829","348075","Pernambuco"
"1830","352391","Pernambuco"
"1831","355946","Pernambuco"
"1832","357660","Pernambuco"
"1833","357961","Pernambuco"
"1834","358382","Pernambuco"
"1835","358382","Pernambuco"
"1836","359601","Pernambuco"
"1837","360438","Pernambuco"
"1838","360882","Pernambuco"
"1839","366086","Pernambuco"
"1840","371770","Pernambuco"
"1841","376045","Pernambuco"
"1842","378280","Pernambuco"
"1843","379187","Pernambuco"
"1844","379317","Pernambuco"
"1845","380460","Pernambuco"
"1846","381290","Pernambuco"
"1847","382391","Pernambuco"
"1848","382391","Pernambuco"
"1849","382391","Pernambuco"
"1850","382391","Pernambuco"
"1851","382391","Pernambuco"
"1852","382391","Pernambuco"
"1853","382391","Pernambuco"
"1854","382391","Pernambuco"
"1855","382391","Pernambuco"
"1856","382391","Pernambuco"
"1857","382391","Pernambuco"
"1858","382391","Pernambuco"
"1859","382391","Pernambuco"
"1860","382391","Pernambuco"
"1861","382391","Pernambuco"
"1862","382391","Pernambuco"
"1863","382391","Pernambuco"
"1864","382391","Pernambuco"
"1865","382391","Pernambuco"
"1866","382391","Pernambuco"
"1867","382391","Pernambuco"
"1868","382391","Pernambuco"
"1869","382391","Pernambuco"
"1870","382391","Pernambuco"
"1871","382391","Pernambuco"
"1872","382391","Pernambuco"
"1873","382391","Pernambuco"
"1874","382391","Pernambuco"
"1875","382391","Pernambuco"
"1876","382391","Pernambuco"
"1877","382391","Pernambuco"
"1878","382391","Pernambuco"
"1879","382391","Pernambuco"
"1880","382391","Pernambuco"
"1881","382391","Pernambuco"
"1882","382391","Pernambuco"
"1883","382391","Pernambuco"
"1884","382391","Pernambuco"
"1885","382391","Pernambuco"
"1886","382391","Pernambuco"
"1887","382391","Pernambuco"
"1888","382391","Pernambuco"
"1500","0","Sudeste"
"1501","0","Sudeste"
"1502","0","Sudeste"
"1503","0","Sudeste"
"1504","0","Sudeste"
"1505","0","Sudeste"
"1506","0","Sudeste"
"1507","0","Sudeste"
"1508","0","Sudeste"
"1509","0","Sudeste"
"1510","0","Sudeste"
"1511","0","Sudeste"
"1512","0","Sudeste"
"1513","0","Sudeste"
"1514","0","Sudeste"
"1515","0","Sudeste"
"1516","0","Sudeste"
"1517","0","Sudeste"
"1518","0","Sudeste"
"1519","0","Sudeste"
"1520","0","Sudeste"
"1521","0","Sudeste"
"1522","0","Sudeste"
"1523","0","Sudeste"
"1524","0","Sudeste"
"1525","0","Sudeste"
"1526","0","Sudeste"
"1527","0","Sudeste"
"1528","0","Sudeste"
"1529","0","Sudeste"
"1530","0","Sudeste"
"1531","0","Sudeste"
"1532","0","Sudeste"
"1533","0","Sudeste"
"1534","0","Sudeste"
"1535","0","Sudeste"
"1536","0","Sudeste"
"1537","0","Sudeste"
"1538","0","Sudeste"
"1539","0","Sudeste"
"1540","0","Sudeste"
"1541","0","Sudeste"
"1542","0","Sudeste"
"1543","0","Sudeste"
"1544","0","Sudeste"
"1545","0","Sudeste"
"1546","0","Sudeste"
"1547","0","Sudeste"
"1548","0","Sudeste"
"1549","0","Sudeste"
"1550","0","Sudeste"
"1551","0","Sudeste"
"1552","0","Sudeste"
"1553","0","Sudeste"
"1554","0","Sudeste"
"1555","0","Sudeste"
"1556","0","Sudeste"
"1557","0","Sudeste"
"1558","0","Sudeste"
"1559","0","Sudeste"
"1560","0","Sudeste"
"1561","0","Sudeste"
"1562","0","Sudeste"
"1563","0","Sudeste"
"1564","0","Sudeste"
"1565","0","Sudeste"
"1566","0","Sudeste"
"1567","0","Sudeste"
"1568","0","Sudeste"
"1569","0","Sudeste"
"1570","0","Sudeste"
"1571","0","Sudeste"
"1572","0","Sudeste"
"1573","0","Sudeste"
"1574","0","Sudeste"
"1575","0","Sudeste"
"1576","0","Sudeste"
"1577","0","Sudeste"
"1578","0","Sudeste"
"1579","0","Sudeste"
"1580","0","Sudeste"
"1581","0","Sudeste"
"1582","0","Sudeste"
"1583","0","Sudeste"
"1584","0","Sudeste"
"1585","0","Sudeste"
"1586","0","Sudeste"
"1587","0","Sudeste"
"1588","0","Sudeste"
"1589","0","Sudeste"
"1590","0","Sudeste"
"1591","0","Sudeste"
"1592","0","Sudeste"
"1593","0","Sudeste"
"1594","0","Sudeste"
"1595","0","Sudeste"
"1596","0","Sudeste"
"1597","287","Sudeste"
"1598","287","Sudeste"
"1599","287","Sudeste"
"1600","287","Sudeste"
"1601","287","Sudeste"
"1602","287","Sudeste"
"1603","325","Sudeste"
"1604","325","Sudeste"
"1605","325","Sudeste"
"1606","325","Sudeste"
"1607","635","Sudeste"
"1608","635","Sudeste"
"1609","635","Sudeste"
"1610","635","Sudeste"
"1611","635","Sudeste"
"1612","635","Sudeste"
"1613","635","Sudeste"
"1614","635","Sudeste"
"1615","635","Sudeste"
"1616","635","Sudeste"
"1617","635","Sudeste"
"1618","635","Sudeste"
"1619","635","Sudeste"
"1620","635","Sudeste"
"1621","635","Sudeste"
"1622","635","Sudeste"
"1623","635","Sudeste"
"1624","635","Sudeste"
"1625","635","Sudeste"
"1626","635","Sudeste"
"1627","635","Sudeste"
"1628","635","Sudeste"
"1629","635","Sudeste"
"1630","635","Sudeste"
"1631","635","Sudeste"
"1632","635","Sudeste"
"1633","635","Sudeste"
"1634","635","Sudeste"
"1635","635","Sudeste"
"1636","635","Sudeste"
"1637","635","Sudeste"
"1638","635","Sudeste"
"1639","635","Sudeste"
"1640","635","Sudeste"
"1641","635","Sudeste"
"1642","635","Sudeste"
"1643","635","Sudeste"
"1644","635","Sudeste"
"1645","635","Sudeste"
"1646","635","Sudeste"
"1647","635","Sudeste"
"1648","635","Sudeste"
"1649","635","Sudeste"
"1650","635","Sudeste"
"1651","635","Sudeste"
"1652","635","Sudeste"
"1653","635","Sudeste"
"1654","635","Sudeste"
"1655","635","Sudeste"
"1656","635","Sudeste"
"1657","635","Sudeste"
"1658","635","Sudeste"
"1659","635","Sudeste"
"1660","635","Sudeste"
"1661","635","Sudeste"
"1662","635","Sudeste"
"1663","635","Sudeste"
"1664","966","Sudeste"
"1665","966","Sudeste"
"1666","966","Sudeste"
"1667","966","Sudeste"
"1668","966","Sudeste"
"1669","966","Sudeste"
"1670","966","Sudeste"
"1671","966","Sudeste"
"1672","966","Sudeste"
"1673","966","Sudeste"
"1674","966","Sudeste"
"1675","966","Sudeste"
"1676","966","Sudeste"
"1677","966","Sudeste"
"1678","966","Sudeste"
"1679","966","Sudeste"
"1680","966","Sudeste"
"1681","966","Sudeste"
"1682","966","Sudeste"
"1683","966","Sudeste"
"1684","966","Sudeste"
"1685","966","Sudeste"
"1686","1405","Sudeste"
"1687","1405","Sudeste"
"1688","1405","Sudeste"
"1689","1405","Sudeste"
"1690","1405","Sudeste"
"1691","1405","Sudeste"
"1692","1405","Sudeste"
"1693","1405","Sudeste"
"1694","1405","Sudeste"
"1695","1823","Sudeste"
"1696","1823","Sudeste"
"1697","1823","Sudeste"
"1698","1823","Sudeste"
"1699","3258","Sudeste"
"1700","4215","Sudeste"
"1701","6109","Sudeste"
"1702","6109","Sudeste"
"1703","6109","Sudeste"
"1704","6565","Sudeste"
"1705","6565","Sudeste"
"1706","6565","Sudeste"
"1707","6565","Sudeste"
"1708","6565","Sudeste"
"1709","6565","Sudeste"
"1710","6565","Sudeste"
"1711","6565","Sudeste"
"1712","7404","Sudeste"
"1713","8457","Sudeste"
"1714","9159","Sudeste"
"1715","9700","Sudeste"
"1716","11754","Sudeste"
"1717","12157","Sudeste"
"1718","13295","Sudeste"
"1719","14469","Sudeste"
"1720","14820","Sudeste"
"1721","16325","Sudeste"
"1722","17393","Sudeste"
"1723","20375","Sudeste"
"1724","20375","Sudeste"
"1725","26524","Sudeste"
"1726","30756","Sudeste"
"1727","35710","Sudeste"
"1728","40264","Sudeste"
"1729","41265","Sudeste"
"1730","43078","Sudeste"
"1731","43078","Sudeste"
"1732","43078","Sudeste"
"1733","43307","Sudeste"
"1734","48595","Sudeste"
"1735","48595","Sudeste"
"1736","50034","Sudeste"
"1737","51191","Sudeste"
"1738","56889","Sudeste"
"1739","57564","Sudeste"
"1740","62338","Sudeste"
"1741","68400","Sudeste"
"1742","76281","Sudeste"
"1743","78967","Sudeste"
"1744","85961","Sudeste"
"1745","89567","Sudeste"
"1746","91193","Sudeste"
"1747","97519","Sudeste"
"1748","103818","Sudeste"
"1749","107945","Sudeste"
"1750","109404","Sudeste"
"1751","110570","Sudeste"
"1752","111078","Sudeste"
"1753","112082","Sudeste"
"1754","112994","Sudeste"
"1755","113743","Sudeste"
"1756","115641","Sudeste"
"1757","116703","Sudeste"
"1758","116703","Sudeste"
"1759","117581","Sudeste"
"1760","120137","Sudeste"
"1761","120691","Sudeste"
"1762","124387","Sudeste"
"1763","127810","Sudeste"
"1764","131888","Sudeste"
"1765","137633","Sudeste"
"1766","142469","Sudeste"
"1767","147906","Sudeste"
"1768","148130","Sudeste"
"1769","152473","Sudeste"
"1770","153949","Sudeste"
"1771","159971","Sudeste"
"1772","159998","Sudeste"
"1773","159998","Sudeste"
"1774","161814","Sudeste"
"1775","167037","Sudeste"
"1776","167487","Sudeste"
"1777","168685","Sudeste"
"1778","169184","Sudeste"
"1779","169195","Sudeste"
"1780","169492","Sudeste"
"1781","172085","Sudeste"
"1782","176454","Sudeste"
"1783","179288","Sudeste"
"1784","182852","Sudeste"
"1785","182852","Sudeste"
"1786","185120","Sudeste"
"1787","187869","Sudeste"
"1788","190461","Sudeste"
"1789","194349","Sudeste"
"1790","195802","Sudeste"
"1791","195802","Sudeste"
"1792","200204","Sudeste"
"1793","207748","Sudeste"
"1794","207748","Sudeste"
"1795","207748","Sudeste"
"1796","220521","Sudeste"
"1797","234154","Sudeste"
"1798","241798","Sudeste"
"1799","252462","Sudeste"
"1800","263894","Sudeste"
"1801","263894","Sudeste"
"1802","281241","Sudeste"
"1803","292810","Sudeste"
"1804","292810","Sudeste"
"1805","306537","Sudeste"
"1806","316419","Sudeste"
"1807","316419","Sudeste"
"1808","328451","Sudeste"
"1809","345570","Sudeste"
"1810","369614","Sudeste"
"1811","394205","Sudeste"
"1812","417831","Sudeste"
"1813","440308","Sudeste"
"1814","459651","Sudeste"
"1815","476337","Sudeste"
"1816","500166","Sudeste"
"1817","524015","Sudeste"
"1818","550599","Sudeste"
"1819","569615","Sudeste"
"1820","589148","Sudeste"
"1821","612732","Sudeste"
"1822","643590","Sudeste"
"1823","666785","Sudeste"
"1824","695450","Sudeste"
"1825","723393","Sudeste"
"1826","761088","Sudeste"
"1827","761088","Sudeste"
"1828","808592","Sudeste"
"1829","857008","Sudeste"
"1830","892199","Sudeste"
"1831","892764","Sudeste"
"1832","892880","Sudeste"
"1833","894001","Sudeste"
"1834","894001","Sudeste"
"1835","902355","Sudeste"
"1836","919993","Sudeste"
"1837","955822","Sudeste"
"1838","997528","Sudeste"
"1839","1045236","Sudeste"
"1840","1072113","Sudeste"
"1841","1072113","Sudeste"
"1842","1088565","Sudeste"
"1843","1105966","Sudeste"
"1844","1123287","Sudeste"
"1845","1140888","Sudeste"
"1846","1147186","Sudeste"
"1847","1147186","Sudeste"
"1848","1178981","Sudeste"
"1849","1222063","Sudeste"
"1850","1241218","Sudeste"
"1851","1245483","Sudeste"
"1852","1246467","Sudeste"
"1853","1246467","Sudeste"
"1854","1246467","Sudeste"
"1855","1246467","Sudeste"
"1856","1246787","Sudeste"
"1857","1246787","Sudeste"
"1858","1246787","Sudeste"
"1859","1246787","Sudeste"
"1860","1246787","Sudeste"
"1861","1246787","Sudeste"
"1862","1246787","Sudeste"
"1863","1246787","Sudeste"
"1864","1246787","Sudeste"
"1865","1246787","Sudeste"
"1866","1246787","Sudeste"
"1867","1246787","Sudeste"
"1868","1246787","Sudeste"
"1869","1246787","Sudeste"
"1870","1246787","Sudeste"
"1871","1246787","Sudeste"
"1872","1246787","Sudeste"
"1873","1246787","Sudeste"
"1874","1246787","Sudeste"
"1875","1246787","Sudeste"
"1876","1246787","Sudeste"
"1877","1246787","Sudeste"
"1878","1246787","Sudeste"
"1879","1246787","Sudeste"
"1880","1246787","Sudeste"
"1881","1246787","Sudeste"
"1882","1246787","Sudeste"
"1883","1246787","Sudeste"
"1884","1246787","Sudeste"
"1885","1246787","Sudeste"
"1886","1246787","Sudeste"
"1887","1246787","Sudeste"
"1888","1246787","Sudeste"
"1500","0","Indefinido"
"1501","0","Indefinido"
"1502","0","Indefinido"
"1503","0","Indefinido"
"1504","0","Indefinido"
"1505","0","Indefinido"
"1506","0","Indefinido"
"1507","0","Indefinido"
"1508","0","Indefinido"
"1509","0","Indefinido"
"1510","0","Indefinido"
"1511","0","Indefinido"
"1512","0","Indefinido"
"1513","0","Indefinido"
"1514","0","Indefinido"
"1515","0","Indefinido"
"1516","0","Indefinido"
"1517","0","Indefinido"
"1518","0","Indefinido"
"1519","0","Indefinido"
"1520","0","Indefinido"
"1521","0","Indefinido"
"1522","0","Indefinido"
"1523","0","Indefinido"
"1524","0","Indefinido"
"1525","0","Indefinido"
"1526","0","Indefinido"
"1527","0","Indefinido"
"1528","0","Indefinido"
"1529","0","Indefinido"
"1530","0","Indefinido"
"1531","0","Indefinido"
"1532","0","Indefinido"
"1533","0","Indefinido"
"1534","0","Indefinido"
"1535","0","Indefinido"
"1536","0","Indefinido"
"1537","0","Indefinido"
"1538","0","Indefinido"
"1539","0","Indefinido"
"1540","0","Indefinido"
"1541","0","Indefinido"
"1542","0","Indefinido"
"1543","0","Indefinido"
"1544","0","Indefinido"
"1545","0","Indefinido"
"1546","0","Indefinido"
"1547","0","Indefinido"
"1548","0","Indefinido"
"1549","0","Indefinido"
"1550","0","Indefinido"
"1551","0","Indefinido"
"1552","0","Indefinido"
"1553","0","Indefinido"
"1554","0","Indefinido"
"1555","0","Indefinido"
"1556","0","Indefinido"
"1557","0","Indefinido"
"1558","0","Indefinido"
"1559","0","Indefinido"
"1560","0","Indefinido"
"1561","0","Indefinido"
"1562","0","Indefinido"
"1563","0","Indefinido"
"1564","0","Indefinido"
"1565","0","Indefinido"
"1566","0","Indefinido"
"1567","0","Indefinido"
"1568","0","Indefinido"
"1569","0","Indefinido"
"1570","0","Indefinido"
"1571","0","Indefinido"
"1572","0","Indefinido"
"1573","0","Indefinido"
"1574","0","Indefinido"
"1575","0","Indefinido"
"1576","0","Indefinido"
"1577","0","Indefinido"
"1578","0","Indefinido"
"1579","0","Indefinido"
"1580","0","Indefinido"
"1581","0","Indefinido"
"1582","0","Indefinido"
"1583","0","Indefinido"
"1584","0","Indefinido"
"1585","0","Indefinido"
"1586","0","Indefinido"
"1587","0","Indefinido"
"1588","0","Indefinido"
"1589","0","Indefinido"
"1590","0","Indefinido"
"1591","0","Indefinido"
"1592","0","Indefinido"
"1593","0","Indefinido"
"1594","0","Indefinido"
"1595","0","Indefinido"
"1596","0","Indefinido"
"1597","287","Indefinido"
"1598","287","Indefinido"
"1599","287","Indefinido"
"1600","287","Indefinido"
"1601","287","Indefinido"
"1602","287","Indefinido"
"1603","287","Indefinido"
"1604","287","Indefinido"
"1605","287","Indefinido"
"1606","287","Indefinido"
"1607","287","Indefinido"
"1608","287","Indefinido"
"1609","287","Indefinido"
"1610","287","Indefinido"
"1611","287","Indefinido"
"1612","287","Indefinido"
"1613","287","Indefinido"
"1614","287","Indefinido"
"1615","287","Indefinido"
"1616","287","Indefinido"
"1617","287","Indefinido"
"1618","287","Indefinido"
"1619","287","Indefinido"
"1620","287","Indefinido"
"1621","287","Indefinido"
"1622","287","Indefinido"
"1623","287","Indefinido"
"1624","287","Indefinido"
"1625","287","Indefinido"
"1626","287","Indefinido"
"1627","532","Indefinido"
"1628","532","Indefinido"
"1629","532","Indefinido"
"1630","532","Indefinido"
"1631","532","Indefinido"
"1632","532","Indefinido"
"1633","532","Indefinido"
"1634","532","Indefinido"
"1635","532","Indefinido"
"1636","532","Indefinido"
"1637","532","Indefinido"
"1638","532","Indefinido"
"1639","532","Indefinido"
"1640","532","Indefinido"
"1641","662","Indefinido"
"1642","662","Indefinido"
"1643","662","Indefinido"
"1644","820","Indefinido"
"1645","1291","Indefinido"
"1646","1291","Indefinido"
"1647","1551","Indefinido"
"1648","1551","Indefinido"
"1649","1551","Indefinido"
"1650","1551","Indefinido"
"1651","1551","Indefinido"
"1652","1551","Indefinido"
"1653","1551","Indefinido"
"1654","1551","Indefinido"
"1655","1551","Indefinido"
"1656","1551","Indefinido"
"1657","1551","Indefinido"
"1658","1551","Indefinido"
"1659","1551","Indefinido"
"1660","1551","Indefinido"
"1661","1551","Indefinido"
"1662","1551","Indefinido"
"1663","1551","Indefinido"
"1664","1551","Indefinido"
"1665","1551","Indefinido"
"1666","1551","Indefinido"
"1667","1551","Indefinido"
"1668","1551","Indefinido"
"1669","1551","Indefinido"
"1670","1551","Indefinido"
"1671","1680","Indefinido"
"1672","1680","Indefinido"
"1673","1680","Indefinido"
"1674","1680","Indefinido"
"1675","1680","Indefinido"
"1676","1680","Indefinido"
"1677","1680","Indefinido"
"1678","1680","Indefinido"
"1679","1680","Indefinido"
"1680","1680","Indefinido"
"1681","1680","Indefinido"
"1682","1680","Indefinido"
"1683","1680","Indefinido"
"1684","1680","Indefinido"
"1685","1680","Indefinido"
"1686","1680","Indefinido"
"1687","1680","Indefinido"
"1688","1680","Indefinido"
"1689","1680","Indefinido"
"1690","1680","Indefinido"
"1691","1680","Indefinido"
"1692","1680","Indefinido"
"1693","1680","Indefinido"
"1694","1680","Indefinido"
"1695","1680","Indefinido"
"1696","1680","Indefinido"
"1697","1680","Indefinido"
"1698","1680","Indefinido"
"1699","1680","Indefinido"
"1700","1680","Indefinido"
"1701","1680","Indefinido"
"1702","1785","Indefinido"
"1703","1785","Indefinido"
"1704","1785","Indefinido"
"1705","1785","Indefinido"
"1706","1785","Indefinido"
"1707","1785","Indefinido"
"1708","1785","Indefinido"
"1709","1785","Indefinido"
"1710","1785","Indefinido"
"1711","2188","Indefinido"
"1712","2188","Indefinido"
"1713","2188","Indefinido"
"1714","2188","Indefinido"
"1715","2188","Indefinido"
"1716","2188","Indefinido"
"1717","2188","Indefinido"
"1718","2188","Indefinido"
"1719","2188","Indefinido"
"1720","3081","Indefinido"
"1721","3081","Indefinido"
"1722","3167","Indefinido"
"1723","3167","Indefinido"
"1724","3427","Indefinido"
"1725","3966","Indefinido"
"1726","4238","Indefinido"
"1727","4551","Indefinido"
"1728","4551","Indefinido"
"1729","4551","Indefinido"
"1730","4551","Indefinido"
"1731","4551","Indefinido"
"1732","4677","Indefinido"
"1733","4677","Indefinido"
"1734","4677","Indefinido"
"1735","4677","Indefinido"
"1736","4751","Indefinido"
"1737","4751","Indefinido"
"1738","5774","Indefinido"
"1739","5774","Indefinido"
"1740","5774","Indefinido"
"1741","5774","Indefinido"
"1742","6131","Indefinido"
"1743","6488","Indefinido"
"1744","6488","Indefinido"
"1745","6488","Indefinido"
"1746","6488","Indefinido"
"1747","6488","Indefinido"
"1748","6488","Indefinido"
"1749","6488","Indefinido"
"1750","6488","Indefinido"
"1751","6488","Indefinido"
"1752","6488","Indefinido"
"1753","6801","Indefinido"
"1754","6801","Indefinido"
"1755","6801","Indefinido"
"1756","7369","Indefinido"
"1757","7369","Indefinido"
"1758","7369","Indefinido"
"1759","7369","Indefinido"
"1760","7369","Indefinido"
"1761","7369","Indefinido"
"1762","7369","Indefinido"
"1763","7369","Indefinido"
"1764","7369","Indefinido"
"1765","7369","Indefinido"
"1766","7369","Indefinido"
"1767","7369","Indefinido"
"1768","7369","Indefinido"
"1769","7369","Indefinido"
"1770","7720","Indefinido"
"1771","7720","Indefinido"
"1772","7908","Indefinido"
"1773","7908","Indefinido"
"1774","7908","Indefinido"
"1775","7908","Indefinido"
"1776","7908","Indefinido"
"1777","7908","Indefinido"
"1778","7908","Indefinido"
"1779","7908","Indefinido"
"1780","7908","Indefinido"
"1781","7908","Indefinido"
"1782","7908","Indefinido"
"1783","7908","Indefinido"
"1784","7908","Indefinido"
"1785","7908","Indefinido"
"1786","7908","Indefinido"
"1787","7908","Indefinido"
"1788","7908","Indefinido"
"1789","7908","Indefinido"
"1790","7908","Indefinido"
"1791","7908","Indefinido"
"1792","7908","Indefinido"
"1793","7908","Indefinido"
"1794","7908","Indefinido"
"1795","7908","Indefinido"
"1796","7908","Indefinido"
"1797","7908","Indefinido"
"1798","7908","Indefinido"
"1799","7908","Indefinido"
"1800","7908","Indefinido"
"1801","7908","Indefinido"
"1802","7908","Indefinido"
"1803","7908","Indefinido"
"1804","7994","Indefinido"
"1805","7994","Indefinido"
"1806","8494","Indefinido"
"1807","8628","Indefinido"
"1808","9049","Indefinido"
"1809","9049","Indefinido"
"1810","9049","Indefinido"
"1811","9049","Indefinido"
"1812","9049","Indefinido"
"1813","9049","Indefinido"
"1814","9049","Indefinido"
"1815","9049","Indefinido"
"1816","9049","Indefinido"
"1817","9266","Indefinido"
"1818","9586","Indefinido"
"1819","9586","Indefinido"
"1820","9586","Indefinido"
"1821","10359","Indefinido"
"1822","11124","Indefinido"
"1823","11669","Indefinido"
"1824","11919","Indefinido"
"1825","12272","Indefinido"
"1826","12272","Indefinido"
"1827","12692","Indefinido"
"1828","12692","Indefinido"
"1829","12692","Indefinido"
"1830","13132","Indefinido"
"1831","13132","Indefinido"
"1832","13132","Indefinido"
"1833","13132","Indefinido"
"1834","13132","Indefinido"
"1835","13132","Indefinido"
"1836","13569","Indefinido"
"1837","13569","Indefinido"
"1838","13569","Indefinido"
"1839","13829","Indefinido"
"1840","13829","Indefinido"
"1841","14784","Indefinido"
"1842","15956","Indefinido"
"1843","15956","Indefinido"
"1844","15956","Indefinido"
"1845","15956","Indefinido"
"1846","16400","Indefinido"
"1847","16844","Indefinido"
"1848","17288","Indefinido"
"1849","17852","Indefinido"
"1850","17852","Indefinido"
"1851","17852","Indefinido"
"1852","17852","Indefinido"
"1853","17852","Indefinido"
"1854","17852","Indefinido"
"1855","17852","Indefinido"
"1856","17852","Indefinido"
"1857","17852","Indefinido"
"1858","17852","Indefinido"
"1859","17852","Indefinido"
"1860","17852","Indefinido"
"1861","17852","Indefinido"
"1862","17852","Indefinido"
"1863","17852","Indefinido"
"1864","17852","Indefinido"
"1865","17852","Indefinido"
"1866","17852","Indefinido"
"1867","17852","Indefinido"
"1868","17852","Indefinido"
"1869","17852","Indefinido"
"1870","17852","Indefinido"
"1871","17852","Indefinido"
"1872","17852","Indefinido"
"1873","17852","Indefinido"
"1874","17852","Indefinido"
"1875","17852","Indefinido"
"1876","17852","Indefinido"
"1877","17852","Indefinido"
"1878","17852","Indefinido"
"1879","17852","Indefinido"
"1880","17852","Indefinido"
"1881","17852","Indefinido"
"1882","17852","Indefinido"
"1883","17852","Indefinido"
"1884","17852","Indefinido"
"1885","17852","Indefinido"
"1886","17852","Indefinido"
"1887","17852","Indefinido"
"1888","17852","Indefinido"
"1500","0","Total"
"1501","0","Total"
"1502","0","Total"
"1503","0","Total"
"1504","0","Total"
"1505","0","Total"
"1506","0","Total"
"1507","0","Total"
"1508","0","Total"
"1509","0","Total"
"1510","0","Total"
"1511","0","Total"
"1512","0","Total"
"1513","0","Total"
"1514","0","Total"
"1515","0","Total"
"1516","0","Total"
"1517","0","Total"
"1518","0","Total"
"1519","0","Total"
"1520","0","Total"
"1521","0","Total"
"1522","0","Total"
"1523","0","Total"
"1524","0","Total"
"1525","0","Total"
"1526","0","Total"
"1527","0","Total"
"1528","0","Total"
"1529","0","Total"
"1530","0","Total"
"1531","0","Total"
"1532","0","Total"
"1533","0","Total"
"1534","0","Total"
"1535","0","Total"
"1536","0","Total"
"1537","0","Total"
"1538","0","Total"
"1539","0","Total"
"1540","0","Total"
"1541","0","Total"
"1542","0","Total"
"1543","0","Total"
"1544","0","Total"
"1545","0","Total"
"1546","0","Total"
"1547","0","Total"
"1548","0","Total"
"1549","0","Total"
"1550","0","Total"
"1551","0","Total"
"1552","0","Total"
"1553","0","Total"
"1554","0","Total"
"1555","0","Total"
"1556","0","Total"
"1557","0","Total"
"1558","0","Total"
"1559","0","Total"
"1560","0","Total"
"1561","0","Total"
"1562","0","Total"
"1563","0","Total"
"1564","0","Total"
"1565","0","Total"
"1566","0","Total"
"1567","0","Total"
"1568","0","Total"
"1569","0","Total"
"1570","0","Total"
"1571","0","Total"
"1572","0","Total"
"1573","0","Total"
"1574","48","Total"
"1575","332","Total"
"1576","415","Total"
"1577","415","Total"
"1578","415","Total"
"1579","415","Total"
"1580","415","Total"
"1581","415","Total"
"1582","581","Total"
"1583","581","Total"
"1584","581","Total"
"1585","581","Total"
"1586","581","Total"
"1587","581","Total"
"1588","581","Total"
"1589","581","Total"
"1590","581","Total"
"1591","581","Total"
"1592","581","Total"
"1593","581","Total"
"1594","581","Total"
"1595","581","Total"
"1596","581","Total"
"1597","1155","Total"
"1598","1155","Total"
"1599","1155","Total"
"1600","1155","Total"
"1601","1155","Total"
"1602","1155","Total"
"1603","1193","Total"
"1604","1480","Total"
"1605","1480","Total"
"1606","1480","Total"
"1607","1817","Total"
"1608","1817","Total"
"1609","1817","Total"
"1610","2026","Total"
"1611","2131","Total"
"1612","2131","Total"
"1613","2131","Total"
"1614","2131","Total"
"1615","2131","Total"
"1616","2131","Total"
"1617","2131","Total"
"1618","2131","Total"
"1619","2131","Total"
"1620","2131","Total"
"1621","2131","Total"
"1622","2131","Total"
"1623","2131","Total"
"1624","2567","Total"
"1625","2567","Total"
"1626","2715","Total"
"1627","4086","Total"
"1628","4086","Total"
"1629","4086","Total"
"1630","4820","Total"
"1631","4820","Total"
"1632","4820","Total"
"1633","5120","Total"
"1634","5120","Total"
"1635","5120","Total"
"1636","5979","Total"
"1637","7208","Total"
"1638","8726","Total"
"1639","10397","Total"
"1640","11686","Total"
"1641","13687","Total"
"1642","13687","Total"
"1643","18699","Total"
"1644","24157","Total"
"1645","24157","Total"
"1646","26829","Total"
"1647","27095","Total"
"1648","27095","Total"
"1649","27833","Total"
"1650","29525","Total"
"1651","30783","Total"
"1652","31539","Total"
"1653","31895","Total"
"1654","31895","Total"
"1655","31895","Total"
"1656","31895","Total"
"1657","31895","Total"
"1658","31895","Total"
"1659","31895","Total"
"1660","31895","Total"
"1661","32251","Total"
"1662","32251","Total"
"1663","32251","Total"
"1664","33210","Total"
"1665","33566","Total"
"1666","33566","Total"
"1667","33775","Total"
"1668","33775","Total"
"1669","33775","Total"
"1670","33775","Total"
"1671","35161","Total"
"1672","35370","Total"
"1673","36484","Total"
"1674","36484","Total"
"1675","36484","Total"
"1676","37100","Total"
"1677","37518","Total"
"1678","38586","Total"
"1679","39135","Total"
"1680","41242","Total"
"1681","41692","Total"
"1682","42011","Total"
"1683","42116","Total"
"1684","43783","Total"
"1685","45625","Total"
"1686","46748","Total"
"1687","46748","Total"
"1688","48137","Total"
"1689","48137","Total"
"1690","51112","Total"
"1691","54611","Total"
"1692","58063","Total"
"1693","59797","Total"
"1694","61883","Total"
"1695","65739","Total"
"1696","70088","Total"
"1697","70088","Total"
"1698","82051","Total"
"1699","90690","Total"
"1700","99045","Total"
"1701","106320","Total"
"1702","111555","Total"
"1703","116750","Total"
"1704","121554","Total"
"1705","125339","Total"
"1706","125339","Total"
"1707","132312","Total"
"1708","136855","Total"
"1709","141939","Total"
"1710","146563","Total"
"1711","152764","Total"
"1712","161977","Total"
"1713","171679","Total"
"1714","179571","Total"
"1715","186954","Total"
"1716","186954","Total"
"1717","194459","Total"
"1718","203940","Total"
"1719","212394","Total"
"1720","212394","Total"
"1721","221917","Total"
"1722","221917","Total"
"1723","235193","Total"
"1724","259302","Total"
"1725","277376","Total"
"1726","296194","Total"
"1727","315990","Total"
"1728","334739","Total"
"1729","349324","Total"
"1730","359423","Total"
"1731","375102","Total"
"1732","383403","Total"
"1733","394422","Total"
"1734","394422","Total"
"1735","405225","Total"
"1736","405225","Total"
"1737","416570","Total"
"1738","434015","Total"
"1739","442897","Total"
"1740","458803","Total"
"1741","469694","Total"
"1742","490421","Total"
"1743","500659","Total"
"1744","523386","Total"
"1745","533279","Total"
"1746","544004","Total"
"1747","565029","Total"
"1748","584892","Total"
"1749","601591","Total"
"1750","620340","Total"
"1751","630574","Total"
"1752","643796","Total"
"1753","658929","Total"
"1754","667612","Total"
"1755","678621","Total"
"1756","678621","Total"
"1757","689650","Total"
"1758","706794","Total"
"1759","716297","Total"
"1760","728675","Total"
"1761","728675","Total"
"1762","742793","Total"
"1763","755821","Total"
"1764","766217","Total"
"1765","783126","Total"
"1766","801357","Total"
"1767","818670","Total"
"1768","830571","Total"
"1769","843996","Total"
"1770","854585","Total"
"1771","869800","Total"
"1772","878288","Total"
"1773","886761","Total"
"1774","900253","Total"
"1775","918301","Total"
"1776","918301","Total"
"1777","926047","Total"
"1778","938471","Total"
"1779","948477","Total"
"1780","965174","Total"
"1781","984802","Total"
"1782","1005151","Total"
"1783","1021882","Total"
"1784","1036988","Total"
"1785","1048249","Total"
"1786","1059930","Total"
"1787","1070283","Total"
"1788","1081437","Total"
"1789","1094476","Total"
"1790","1105109","Total"
"1791","1117315","Total"
"1792","1132180","Total"
"1793","1152999","Total"
"1794","1152999","Total"
"1795","1181281","Total"
"1796","1203744","Total"
"1797","1228601","Total"
"1798","1248185","Total"
"1799","1271521","Total"
"1800","1294167","Total"
"1801","1321206","Total"
"1802","1350669","Total"
"1803","1377788","Total"
"1804","1409997","Total"
"1805","1441591","Total"
"1806","1473095","Total"
"1807","1501121","Total"
"1808","1522615","Total"
"1809","1551409","Total"
"1810","1596697","Total"
"1811","1635728","Total"
"1812","1680336","Total"
"1813","1721382","Total"
"1814","1762366","Total"
"1815","1801300","Total"
"1816","1845903","Total"
"1817","1892726","Total"
"1818","1943883","Total"
"1819","1987544","Total"
"1820","2028713","Total"
"1821","2073351","Total"
"1822","2124425","Total"
"1823","2159177","Total"
"1824","2196025","Total"
"1825","2237721","Total"
"1826","2295472","Total"
"1827","2353337","Total"
"1828","2411820","Total"
"1829","2483553","Total"
"1830","2532407","Total"
"1831","2537130","Total"
"1832","2539404","Total"
"1833","2542052","Total"
"1834","2548109","Total"
"1835","2548109","Total"
"1836","2569263","Total"
"1837","2610048","Total"
"1838","2655313","Total"
"1839","2712798","Total"
"1840","2748851","Total"
"1841","2774049","Total"
"1842","2799170","Total"
"1843","2820589","Total"
"1844","2844568","Total"
"1845","2866606","Total"
"1846","2882104","Total"
"1847","2901692","Total"
"1848","2941494","Total"
"1849","2995030","Total"
"1850","3023646","Total"
"1851","3030242","Total"
"1852","3031226","Total"
"1853","3031226","Total"
"1854","3031226","Total"
"1855","3031226","Total"
"1856","3031546","Total"
"1857","3031546","Total"
"1858","3031546","Total"
"1859","3031546","Total"
"1860","3031546","Total"
"1861","3031546","Total"
"1862","3031546","Total"
"1863","3031546","Total"
"1864","3031546","Total"
"1865","3031546","Total"
"1866","3031546","Total"
"1867","3031546","Total"
"1868","3031546","Total"
"1869","3031546","Total"
"1870","3031546","Total"
"1871","3031546","Total"
"1872","3031546","Total"
"1873","3031546","Total"
"1874","3031546","Total"
"1875","3031546","Total"
"1876","3031546","Total"
"1877","3031546","Total"
"1878","3031546","Total"
"1879","3031546","Total"
"1880","3031546","Total"
"1881","3031546","Total"
"1882","3031546","Total"
"1883","3031546","Total"
"1884","3031546","Total"
"1885","3031546","Total"
"1886","3031546","Total"
"1887","3031546","Total"
"1888","3031546","Total"
